# Emission
# Column format:
# Wavelength (nm)	Emission angle (deg)	C+ (W*m^-2*sr^-1*nm^-1)	
4.500000E2	0.000000E0	0.000000E0
4.500000E2	2.000000E0	0.000000E0
4.500000E2	4.000000E0	0.000000E0
4.500000E2	6.000000E0	0.000000E0
4.500000E2	8.000000E0	0.000000E0
4.500000E2	1.000000E1	0.000000E0
4.500000E2	1.200000E1	0.000000E0
4.500000E2	1.400000E1	0.000000E0
4.500000E2	1.600000E1	0.000000E0
4.500000E2	1.800000E1	0.000000E0
4.500000E2	2.000000E1	0.000000E0
4.500000E2	2.200000E1	0.000000E0
4.500000E2	2.400000E1	0.000000E0
4.500000E2	2.600000E1	0.000000E0
4.500000E2	2.800000E1	0.000000E0
4.500000E2	3.000000E1	0.000000E0
4.500000E2	3.200000E1	0.000000E0
4.500000E2	3.400000E1	0.000000E0
4.500000E2	3.600000E1	0.000000E0
4.500000E2	3.800000E1	0.000000E0
4.500000E2	4.000000E1	0.000000E0
4.500000E2	4.200000E1	0.000000E0
4.500000E2	4.400000E1	0.000000E0
4.500000E2	4.600000E1	0.000000E0
4.500000E2	4.800000E1	0.000000E0
4.500000E2	5.000000E1	0.000000E0
4.500000E2	5.200000E1	0.000000E0
4.500000E2	5.400000E1	0.000000E0
4.500000E2	5.600000E1	0.000000E0
4.500000E2	5.800000E1	0.000000E0
4.500000E2	6.000000E1	0.000000E0
4.500000E2	6.200000E1	0.000000E0
4.500000E2	6.400000E1	0.000000E0
4.500000E2	6.600000E1	0.000000E0
4.500000E2	6.800000E1	0.000000E0
4.500000E2	7.000000E1	0.000000E0
4.500000E2	7.200000E1	0.000000E0
4.500000E2	7.400000E1	0.000000E0
4.500000E2	7.600000E1	0.000000E0
4.500000E2	7.800000E1	0.000000E0
4.500000E2	8.000000E1	0.000000E0
4.520000E2	0.000000E0	2.513755E-6
4.520000E2	2.000000E0	2.510522E-6
4.520000E2	4.000000E0	2.500850E-6
4.520000E2	6.000000E0	2.484825E-6
4.520000E2	8.000000E0	2.462584E-6
4.520000E2	1.000000E1	2.434321E-6
4.520000E2	1.200000E1	2.400275E-6
4.520000E2	1.400000E1	2.360732E-6
4.520000E2	1.600000E1	2.316015E-6
4.520000E2	1.800000E1	2.266486E-6
4.520000E2	2.000000E1	2.212534E-6
4.520000E2	2.200000E1	2.154577E-6
4.520000E2	2.400000E1	2.093066E-6
4.520000E2	2.600000E1	2.028501E-6
4.520000E2	2.800000E1	1.961481E-6
4.520000E2	3.000000E1	1.892816E-6
4.520000E2	3.200000E1	1.823822E-6
4.520000E2	3.400000E1	1.757095E-6
4.520000E2	3.600000E1	1.698920E-6
4.520000E2	3.800000E1	1.669005E-6
4.520000E2	4.000000E1	1.769748E-6
4.520000E2	4.200000E1	2.079349E-6
4.520000E2	4.400000E1	1.535937E-6
4.520000E2	4.600000E1	1.371490E-6
4.520000E2	4.800000E1	1.312875E-6
4.520000E2	5.000000E1	1.294899E-6
4.520000E2	5.200000E1	1.294578E-6
4.520000E2	5.400000E1	1.302239E-6
4.520000E2	5.600000E1	1.313232E-6
4.520000E2	5.800000E1	1.324995E-6
4.520000E2	6.000000E1	1.335852E-6
4.520000E2	6.200000E1	1.344472E-6
4.520000E2	6.400000E1	1.349579E-6
4.520000E2	6.600000E1	1.349768E-6
4.520000E2	6.800000E1	1.343342E-6
4.520000E2	7.000000E1	1.328130E-6
4.520000E2	7.200000E1	1.301249E-6
4.520000E2	7.400000E1	1.258776E-6
4.520000E2	7.600000E1	1.195331E-6
4.520000E2	7.800000E1	1.103654E-6
4.520000E2	8.000000E1	9.745737E-7
4.540000E2	0.000000E0	3.624375E-6
4.540000E2	2.000000E0	3.619631E-6
4.540000E2	4.000000E0	3.605442E-6
4.540000E2	6.000000E0	3.581935E-6
4.540000E2	8.000000E0	3.549319E-6
4.540000E2	1.000000E1	3.507883E-6
4.540000E2	1.200000E1	3.457989E-6
4.540000E2	1.400000E1	3.400067E-6
4.540000E2	1.600000E1	3.334609E-6
4.540000E2	1.800000E1	3.262161E-6
4.540000E2	2.000000E1	3.183313E-6
4.540000E2	2.200000E1	3.098703E-6
4.540000E2	2.400000E1	3.009015E-6
4.540000E2	2.600000E1	2.915007E-6
4.540000E2	2.800000E1	2.817579E-6
4.540000E2	3.000000E1	2.717939E-6
4.540000E2	3.200000E1	2.618016E-6
4.540000E2	3.400000E1	2.521584E-6
4.540000E2	3.600000E1	2.437731E-6
4.540000E2	3.800000E1	2.394925E-6
4.540000E2	4.000000E1	2.541297E-6
4.540000E2	4.200000E1	3.043855E-6
4.540000E2	4.400000E1	2.249737E-6
4.540000E2	4.600000E1	2.005697E-6
4.540000E2	4.800000E1	1.914565E-6
4.540000E2	5.000000E1	1.882023E-6
4.540000E2	5.200000E1	1.875071E-6
4.540000E2	5.400000E1	1.879897E-6
4.540000E2	5.600000E1	1.889882E-6
4.540000E2	5.800000E1	1.901365E-6
4.540000E2	6.000000E1	1.911939E-6
4.540000E2	6.200000E1	1.919675E-6
4.540000E2	6.400000E1	1.922719E-6
4.540000E2	6.600000E1	1.919029E-6
4.540000E2	6.800000E1	1.906150E-6
4.540000E2	7.000000E1	1.880957E-6
4.540000E2	7.200000E1	1.839316E-6
4.540000E2	7.400000E1	1.775645E-6
4.540000E2	7.600000E1	1.682342E-6
4.540000E2	7.800000E1	1.549257E-6
4.540000E2	8.000000E1	1.363769E-6
4.560000E2	0.000000E0	3.732471E-6
4.560000E2	2.000000E0	3.727494E-6
4.560000E2	4.000000E0	3.712609E-6
4.560000E2	6.000000E0	3.687952E-6
4.560000E2	8.000000E0	3.653747E-6
4.560000E2	1.000000E1	3.610305E-6
4.560000E2	1.200000E1	3.558015E-6
4.560000E2	1.400000E1	3.497341E-6
4.560000E2	1.600000E1	3.428815E-6
4.560000E2	1.800000E1	3.353024E-6
4.560000E2	2.000000E1	3.270613E-6
4.560000E2	2.200000E1	3.182269E-6
4.560000E2	2.400000E1	3.088737E-6
4.560000E2	2.600000E1	2.990837E-6
4.560000E2	2.800000E1	2.889535E-6
4.560000E2	3.000000E1	2.786112E-6
4.560000E2	3.200000E1	2.682590E-6
4.560000E2	3.400000E1	2.582879E-6
4.560000E2	3.600000E1	2.496346E-6
4.560000E2	3.800000E1	2.452309E-6
4.560000E2	4.000000E1	2.603600E-6
4.560000E2	4.200000E1	3.181875E-6
4.560000E2	4.400000E1	2.353737E-6
4.560000E2	4.600000E1	2.094902E-6
4.560000E2	4.800000E1	1.993776E-6
4.560000E2	5.000000E1	1.953029E-6
4.560000E2	5.200000E1	1.938847E-6
4.560000E2	5.400000E1	1.937145E-6
4.560000E2	5.600000E1	1.941171E-6
4.560000E2	5.800000E1	1.947177E-6
4.560000E2	6.000000E1	1.952671E-6
4.560000E2	6.200000E1	1.955640E-6
4.560000E2	6.400000E1	1.954143E-6
4.560000E2	6.600000E1	1.946045E-6
4.560000E2	6.800000E1	1.928791E-6
4.560000E2	7.000000E1	1.899150E-6
4.560000E2	7.200000E1	1.852882E-6
4.560000E2	7.400000E1	1.784305E-6
4.560000E2	7.600000E1	1.685767E-6
4.560000E2	7.800000E1	1.547195E-6
4.560000E2	8.000000E1	1.356350E-6
4.580000E2	0.000000E0	3.248268E-6
4.580000E2	2.000000E0	3.243851E-6
4.580000E2	4.000000E0	3.230643E-6
4.580000E2	6.000000E0	3.208765E-6
4.580000E2	8.000000E0	3.178423E-6
4.580000E2	1.000000E1	3.139896E-6
4.580000E2	1.200000E1	3.093538E-6
4.580000E2	1.400000E1	3.039772E-6
4.580000E2	1.600000E1	2.979081E-6
4.580000E2	1.800000E1	2.912003E-6
4.580000E2	2.000000E1	2.839127E-6
4.580000E2	2.200000E1	2.761083E-6
4.580000E2	2.400000E1	2.678554E-6
4.580000E2	2.600000E1	2.592287E-6
4.580000E2	2.800000E1	2.503160E-6
4.580000E2	3.000000E1	2.412322E-6
4.580000E2	3.200000E1	2.321559E-6
4.580000E2	3.400000E1	2.234290E-6
4.580000E2	3.600000E1	2.158662E-6
4.580000E2	3.800000E1	2.120146E-6
4.580000E2	4.000000E1	2.251797E-6
4.580000E2	4.200000E1	2.810270E-6
4.580000E2	4.400000E1	2.081242E-6
4.580000E2	4.600000E1	1.849004E-6
4.580000E2	4.800000E1	1.754145E-6
4.580000E2	5.000000E1	1.711941E-6
4.580000E2	5.200000E1	1.693135E-6
4.580000E2	5.400000E1	1.685581E-6
4.580000E2	5.600000E1	1.683448E-6
4.580000E2	5.800000E1	1.683472E-6
4.580000E2	6.000000E1	1.683460E-6
4.580000E2	6.200000E1	1.681627E-6
4.580000E2	6.400000E1	1.676243E-6
4.580000E2	6.600000E1	1.665416E-6
4.580000E2	6.800000E1	1.646893E-6
4.580000E2	7.000000E1	1.617850E-6
4.580000E2	7.200000E1	1.574608E-6
4.580000E2	7.400000E1	1.512291E-6
4.580000E2	7.600000E1	1.424406E-6
4.580000E2	7.800000E1	1.302552E-6
4.580000E2	8.000000E1	1.136784E-6
4.600000E2	0.000000E0	3.342750E-6
4.600000E2	2.000000E0	3.338113E-6
4.600000E2	4.000000E0	3.324248E-6
4.600000E2	6.000000E0	3.301285E-6
4.600000E2	8.000000E0	3.269442E-6
4.600000E2	1.000000E1	3.229018E-6
4.600000E2	1.200000E1	3.180394E-6
4.600000E2	1.400000E1	3.124022E-6
4.600000E2	1.600000E1	3.060422E-6
4.600000E2	1.800000E1	2.990174E-6
4.600000E2	2.000000E1	2.913913E-6
4.600000E2	2.200000E1	2.832321E-6
4.600000E2	2.400000E1	2.746136E-6
4.600000E2	2.600000E1	2.656164E-6
4.600000E2	2.800000E1	2.563346E-6
4.600000E2	3.000000E1	2.468897E-6
4.600000E2	3.200000E1	2.374684E-6
4.600000E2	3.400000E1	2.284236E-6
4.600000E2	3.600000E1	2.205915E-6
4.600000E2	3.800000E1	2.165839E-6
4.600000E2	4.000000E1	2.300724E-6
4.600000E2	4.200000E1	2.933957E-6
4.600000E2	4.400000E1	2.175923E-6
4.600000E2	4.600000E1	1.929306E-6
4.600000E2	4.800000E1	1.824145E-6
4.600000E2	5.000000E1	1.773385E-6
4.600000E2	5.200000E1	1.747107E-6
4.600000E2	5.400000E1	1.732912E-6
4.600000E2	5.600000E1	1.724826E-6
4.600000E2	5.800000E1	1.719470E-6
4.600000E2	6.000000E1	1.714552E-6
4.600000E2	6.200000E1	1.708187E-6
4.600000E2	6.400000E1	1.698550E-6
4.600000E2	6.600000E1	1.683654E-6
4.600000E2	6.800000E1	1.661154E-6
4.600000E2	7.000000E1	1.628129E-6
4.600000E2	7.200000E1	1.580817E-6
4.600000E2	7.400000E1	1.514276E-6
4.600000E2	7.600000E1	1.422011E-6
4.600000E2	7.800000E1	1.295754E-6
4.600000E2	8.000000E1	1.125981E-6
4.620000E2	0.000000E0	3.131063E-6
4.620000E2	2.000000E0	3.126632E-6
4.620000E2	4.000000E0	3.113382E-6
4.620000E2	6.000000E0	3.091440E-6
4.620000E2	8.000000E0	3.061017E-6
4.620000E2	1.000000E1	3.022404E-6
4.620000E2	1.200000E1	2.975969E-6
4.620000E2	1.400000E1	2.922154E-6
4.620000E2	1.600000E1	2.861467E-6
4.620000E2	1.800000E1	2.794475E-6
4.620000E2	2.000000E1	2.721800E-6
4.620000E2	2.200000E1	2.644113E-6
4.620000E2	2.400000E1	2.562137E-6
4.620000E2	2.600000E1	2.476664E-6
4.620000E2	2.800000E1	2.388607E-6
4.620000E2	3.000000E1	2.299138E-6
4.620000E2	3.200000E1	2.210029E-6
4.620000E2	3.400000E1	2.124591E-6
4.620000E2	3.600000E1	2.050622E-6
4.620000E2	3.800000E1	2.012454E-6
4.620000E2	4.000000E1	2.137696E-6
4.620000E2	4.200000E1	2.786787E-6
4.620000E2	4.400000E1	2.070313E-6
4.620000E2	4.600000E1	1.831767E-6
4.620000E2	4.800000E1	1.725756E-6
4.620000E2	5.000000E1	1.671010E-6
4.620000E2	5.200000E1	1.639694E-6
4.620000E2	5.400000E1	1.620268E-6
4.620000E2	5.600000E1	1.607141E-6
4.620000E2	5.800000E1	1.597114E-6
4.620000E2	6.000000E1	1.587992E-6
4.620000E2	6.200000E1	1.577959E-6
4.620000E2	6.400000E1	1.565260E-6
4.620000E2	6.600000E1	1.547995E-6
4.620000E2	6.800000E1	1.523942E-6
4.620000E2	7.000000E1	1.490362E-6
4.620000E2	7.200000E1	1.443757E-6
4.620000E2	7.400000E1	1.379580E-6
4.620000E2	7.600000E1	1.291923E-6
4.620000E2	7.800000E1	1.173386E-6
4.620000E2	8.000000E1	1.015659E-6
4.640000E2	0.000000E0	4.347206E-6
4.640000E2	2.000000E0	4.340931E-6
4.640000E2	4.000000E0	4.322168E-6
4.640000E2	6.000000E0	4.291097E-6
4.640000E2	8.000000E0	4.248021E-6
4.640000E2	1.000000E1	4.193357E-6
4.640000E2	1.200000E1	4.127634E-6
4.640000E2	1.400000E1	4.051488E-6
4.640000E2	1.600000E1	3.965650E-6
4.640000E2	1.800000E1	3.870942E-6
4.640000E2	2.000000E1	3.768265E-6
4.640000E2	2.200000E1	3.658592E-6
4.640000E2	2.400000E1	3.542973E-6
4.640000E2	2.600000E1	3.422555E-6
4.640000E2	2.800000E1	3.298654E-6
4.640000E2	3.000000E1	3.172938E-6
4.640000E2	3.200000E1	3.047897E-6
4.640000E2	3.400000E1	2.928131E-6
4.640000E2	3.600000E1	2.824402E-6
4.640000E2	3.800000E1	2.770245E-6
4.640000E2	4.000000E1	2.941896E-6
4.640000E2	4.200000E1	3.920852E-6
4.640000E2	4.400000E1	2.918656E-6
4.640000E2	4.600000E1	2.576615E-6
4.640000E2	4.800000E1	2.418579E-6
4.640000E2	5.000000E1	2.332300E-6
4.640000E2	5.200000E1	2.279394E-6
4.640000E2	5.400000E1	2.243917E-6
4.640000E2	5.600000E1	2.218077E-6
4.640000E2	5.800000E1	2.197367E-6
4.640000E2	6.000000E1	2.178656E-6
4.640000E2	6.200000E1	2.159343E-6
4.640000E2	6.400000E1	2.136921E-6
4.640000E2	6.600000E1	2.108701E-6
4.640000E2	6.800000E1	2.071568E-6
4.640000E2	7.000000E1	2.021715E-6
4.640000E2	7.200000E1	1.954333E-6
4.640000E2	7.400000E1	1.863224E-6
4.640000E2	7.600000E1	1.740431E-6
4.640000E2	7.800000E1	1.576124E-6
4.640000E2	8.000000E1	1.359531E-6
4.660000E2	0.000000E0	4.049262E-6
4.660000E2	2.000000E0	4.043304E-6
4.660000E2	4.000000E0	4.025488E-6
4.660000E2	6.000000E0	3.995988E-6
4.660000E2	8.000000E0	3.955093E-6
4.660000E2	1.000000E1	3.903202E-6
4.660000E2	1.200000E1	3.840823E-6
4.660000E2	1.400000E1	3.768568E-6
4.660000E2	1.600000E1	3.687143E-6
4.660000E2	1.800000E1	3.597341E-6
4.660000E2	2.000000E1	3.500035E-6
4.660000E2	2.200000E1	3.396170E-6
4.660000E2	2.400000E1	3.286765E-6
4.660000E2	2.600000E1	3.172931E-6
4.660000E2	2.800000E1	3.055938E-6
4.660000E2	3.000000E1	2.937376E-6
4.660000E2	3.200000E1	2.819590E-6
4.660000E2	3.400000E1	2.706858E-6
4.660000E2	3.600000E1	2.609130E-6
4.660000E2	3.800000E1	2.557360E-6
4.660000E2	4.000000E1	2.714516E-6
4.660000E2	4.200000E1	3.698002E-6
4.660000E2	4.400000E1	2.758959E-6
4.660000E2	4.600000E1	2.430031E-6
4.660000E2	4.800000E1	2.272467E-6
4.660000E2	5.000000E1	2.182424E-6
4.660000E2	5.200000E1	2.124389E-6
4.660000E2	5.400000E1	2.083544E-6
4.660000E2	5.600000E1	2.052583E-6
4.660000E2	5.800000E1	2.027223E-6
4.660000E2	6.000000E1	2.004459E-6
4.660000E2	6.200000E1	1.981786E-6
4.660000E2	6.400000E1	1.956805E-6
4.660000E2	6.600000E1	1.926963E-6
4.660000E2	6.800000E1	1.889332E-6
4.660000E2	7.000000E1	1.840374E-6
4.660000E2	7.200000E1	1.775655E-6
4.660000E2	7.400000E1	1.689513E-6
4.660000E2	7.600000E1	1.574748E-6
4.660000E2	7.800000E1	1.422577E-6
4.660000E2	8.000000E1	1.223569E-6
4.680000E2	0.000000E0	8.103907E-6
4.680000E2	2.000000E0	8.091763E-6
4.680000E2	4.000000E0	8.055450E-6
4.680000E2	6.000000E0	7.995324E-6
4.680000E2	8.000000E0	7.911974E-6
4.680000E2	1.000000E1	7.806222E-6
4.680000E2	1.200000E1	7.679112E-6
4.680000E2	1.400000E1	7.531902E-6
4.680000E2	1.600000E1	7.366049E-6
4.680000E2	1.800000E1	7.183195E-6
4.680000E2	2.000000E1	6.985151E-6
4.680000E2	2.200000E1	6.773880E-6
4.680000E2	2.400000E1	6.551501E-6
4.680000E2	2.600000E1	6.320320E-6
4.680000E2	2.800000E1	6.082958E-6
4.680000E2	3.000000E1	5.842670E-6
4.680000E2	3.200000E1	5.604189E-6
4.680000E2	3.400000E1	5.376059E-6
4.680000E2	3.600000E1	5.178009E-6
4.680000E2	3.800000E1	5.071337E-6
4.680000E2	4.000000E1	5.379327E-6
4.680000E2	4.200000E1	7.486577E-6
4.680000E2	4.400000E1	5.599184E-6
4.680000E2	4.600000E1	4.920221E-6
4.680000E2	4.800000E1	4.584107E-6
4.680000E2	5.000000E1	4.384730E-6
4.680000E2	5.200000E1	4.251455E-6
4.680000E2	5.400000E1	4.154642E-6
4.680000E2	5.600000E1	4.079509E-6
4.680000E2	5.800000E1	4.017284E-6
4.680000E2	6.000000E1	3.961754E-6
4.680000E2	6.200000E1	3.907735E-6
4.680000E2	6.400000E1	3.850287E-6
4.680000E2	6.600000E1	3.784208E-6
4.680000E2	6.800000E1	3.703595E-6
4.680000E2	7.000000E1	3.601381E-6
4.680000E2	7.200000E1	3.468790E-6
4.680000E2	7.400000E1	3.294707E-6
4.680000E2	7.600000E1	3.065117E-6
4.680000E2	7.800000E1	2.763108E-6
4.680000E2	8.000000E1	2.370831E-6
4.700000E2	0.000000E0	1.183061E-5
4.700000E2	2.000000E0	1.181258E-5
4.700000E2	4.000000E0	1.175865E-5
4.700000E2	6.000000E0	1.166936E-5
4.700000E2	8.000000E0	1.154558E-5
4.700000E2	1.000000E1	1.138854E-5
4.700000E2	1.200000E1	1.119980E-5
4.700000E2	1.400000E1	1.098123E-5
4.700000E2	1.600000E1	1.073503E-5
4.700000E2	1.800000E1	1.046367E-5
4.700000E2	2.000000E1	1.016987E-5
4.700000E2	2.200000E1	9.856594E-6
4.700000E2	2.400000E1	9.527050E-6
4.700000E2	2.600000E1	9.184718E-6
4.700000E2	2.800000E1	8.833531E-6
4.700000E2	3.000000E1	8.478337E-6
4.700000E2	3.200000E1	8.126098E-6
4.700000E2	3.400000E1	7.789234E-6
4.700000E2	3.600000E1	7.496251E-6
4.700000E2	3.800000E1	7.335579E-6
4.700000E2	4.000000E1	7.774328E-6
4.700000E2	4.200000E1	1.104430E-5
4.700000E2	4.400000E1	8.280929E-6
4.700000E2	4.600000E1	7.260088E-6
4.700000E2	4.800000E1	6.739663E-6
4.700000E2	5.000000E1	6.421481E-6
4.700000E2	5.200000E1	6.202989E-6
4.700000E2	5.400000E1	6.040831E-6
4.700000E2	5.600000E1	5.913135E-6
4.700000E2	5.800000E1	5.806760E-6
4.700000E2	6.000000E1	5.712321E-6
4.700000E2	6.200000E1	5.621988E-6
4.700000E2	6.400000E1	5.528352E-6
4.700000E2	6.600000E1	5.423682E-6
4.700000E2	6.800000E1	5.299300E-6
4.700000E2	7.000000E1	5.144917E-6
4.700000E2	7.200000E1	4.947859E-6
4.700000E2	7.400000E1	4.692198E-6
4.700000E2	7.600000E1	4.358003E-6
4.700000E2	7.800000E1	3.921452E-6
4.700000E2	8.000000E1	3.357777E-6
4.720000E2	0.000000E0	1.705593E-5
4.720000E2	2.000000E0	1.702952E-5
4.720000E2	4.000000E0	1.695054E-5
4.720000E2	6.000000E0	1.681976E-5
4.720000E2	8.000000E0	1.663848E-5
4.720000E2	1.000000E1	1.640848E-5
4.720000E2	1.200000E1	1.613206E-5
4.720000E2	1.400000E1	1.581198E-5
4.720000E2	1.600000E1	1.545148E-5
4.720000E2	1.800000E1	1.505421E-5
4.720000E2	2.000000E1	1.462422E-5
4.720000E2	2.200000E1	1.416591E-5
4.720000E2	2.400000E1	1.368403E-5
4.720000E2	2.600000E1	1.318377E-5
4.720000E2	2.800000E1	1.267094E-5
4.720000E2	3.000000E1	1.215265E-5
4.720000E2	3.200000E1	1.163899E-5
4.720000E2	3.400000E1	1.114778E-5
4.720000E2	3.600000E1	1.071964E-5
4.720000E2	3.800000E1	1.048043E-5
4.720000E2	4.000000E1	1.109589E-5
4.720000E2	4.200000E1	1.607254E-5
4.720000E2	4.400000E1	1.208121E-5
4.720000E2	4.600000E1	1.056820E-5
4.720000E2	4.800000E1	9.776734E-6
4.720000E2	5.000000E1	9.280935E-6
4.720000E2	5.200000E1	8.933596E-6
4.720000E2	5.400000E1	8.671961E-6
4.720000E2	5.600000E1	8.464000E-6
4.720000E2	5.800000E1	8.290239E-6
4.720000E2	6.000000E1	8.136684E-6
4.720000E2	6.200000E1	7.991666E-6
4.720000E2	6.400000E1	7.844219E-6
4.720000E2	6.600000E1	7.683011E-6
4.720000E2	6.800000E1	7.495452E-6
4.720000E2	7.000000E1	7.266749E-6
4.720000E2	7.200000E1	6.978821E-6
4.720000E2	7.400000E1	6.609104E-6
4.720000E2	7.600000E1	6.129555E-6
4.720000E2	7.800000E1	5.506927E-6
4.720000E2	8.000000E1	4.707101E-6
4.740000E2	0.000000E0	2.374804E-5
4.740000E2	2.000000E0	2.371075E-5
4.740000E2	4.000000E0	2.359923E-5
4.740000E2	6.000000E0	2.341457E-5
4.740000E2	8.000000E0	2.315859E-5
4.740000E2	1.000000E1	2.283382E-5
4.740000E2	1.200000E1	2.244350E-5
4.740000E2	1.400000E1	2.199154E-5
4.740000E2	1.600000E1	2.148255E-5
4.740000E2	1.800000E1	2.092173E-5
4.740000E2	2.000000E1	2.031484E-5
4.740000E2	2.200000E1	1.966818E-5
4.740000E2	2.400000E1	1.898856E-5
4.740000E2	2.600000E1	1.828335E-5
4.740000E2	2.800000E1	1.756086E-5
4.740000E2	3.000000E1	1.683110E-5
4.740000E2	3.200000E1	1.610821E-5
4.740000E2	3.400000E1	1.541682E-5
4.740000E2	3.600000E1	1.481284E-5
4.740000E2	3.800000E1	1.446917E-5
4.740000E2	4.000000E1	1.530157E-5
4.740000E2	4.200000E1	2.256300E-5
4.740000E2	4.400000E1	1.699811E-5
4.740000E2	4.600000E1	1.483797E-5
4.740000E2	4.800000E1	1.368326E-5
4.740000E2	5.000000E1	1.294607E-5
4.740000E2	5.200000E1	1.242203E-5
4.740000E2	5.400000E1	1.202325E-5
4.740000E2	5.600000E1	1.170438E-5
4.740000E2	5.800000E1	1.143756E-5
4.740000E2	6.000000E1	1.120268E-5
4.740000E2	6.200000E1	1.098299E-5
4.740000E2	6.400000E1	1.076285E-5
4.740000E2	6.600000E1	1.052624E-5
4.740000E2	6.800000E1	1.025554E-5
4.740000E2	7.000000E1	9.930195E-6
4.740000E2	7.200000E1	9.525286E-6
4.740000E2	7.400000E1	9.009890E-6
4.740000E2	7.600000E1	8.345809E-6
4.740000E2	7.800000E1	7.488070E-6
4.740000E2	8.000000E1	6.391030E-6
4.760000E2	0.000000E0	3.063131E-5
4.760000E2	2.000000E0	3.058261E-5
4.760000E2	4.000000E0	3.043698E-5
4.760000E2	6.000000E0	3.019583E-5
4.760000E2	8.000000E0	2.986154E-5
4.760000E2	1.000000E1	2.943739E-5
4.760000E2	1.200000E1	2.892762E-5
4.760000E2	1.400000E1	2.833738E-5
4.760000E2	1.600000E1	2.767268E-5
4.760000E2	1.800000E1	2.694036E-5
4.760000E2	2.000000E1	2.614802E-5
4.760000E2	2.200000E1	2.530396E-5
4.760000E2	2.400000E1	2.441717E-5
4.760000E2	2.600000E1	2.349739E-5
4.760000E2	2.800000E1	2.255550E-5
4.760000E2	3.000000E1	2.160461E-5
4.760000E2	3.200000E1	2.066296E-5
4.760000E2	3.400000E1	1.976215E-5
4.760000E2	3.600000E1	1.897338E-5
4.760000E2	3.800000E1	1.851670E-5
4.760000E2	4.000000E1	1.955874E-5
4.760000E2	4.200000E1	2.931132E-5
4.760000E2	4.400000E1	2.212449E-5
4.760000E2	4.600000E1	1.927461E-5
4.760000E2	4.800000E1	1.772365E-5
4.760000E2	5.000000E1	1.671882E-5
4.760000E2	5.200000E1	1.599678E-5
4.760000E2	5.400000E1	1.544341E-5
4.760000E2	5.600000E1	1.499917E-5
4.760000E2	5.800000E1	1.462723E-5
4.760000E2	6.000000E1	1.430083E-5
4.760000E2	6.200000E1	1.399778E-5
4.760000E2	6.400000E1	1.369746E-5
4.760000E2	6.600000E1	1.337894E-5
4.760000E2	6.800000E1	1.301935E-5
4.760000E2	7.000000E1	1.259228E-5
4.760000E2	7.200000E1	1.206585E-5
4.760000E2	7.400000E1	1.140076E-5
4.760000E2	7.600000E1	1.054871E-5
4.760000E2	7.800000E1	9.453197E-6
4.760000E2	8.000000E1	8.057478E-6
4.780000E2	0.000000E0	4.292958E-5
4.780000E2	2.000000E0	4.286060E-5
4.780000E2	4.000000E0	4.265431E-5
4.780000E2	6.000000E0	4.231271E-5
4.780000E2	8.000000E0	4.183914E-5
4.780000E2	1.000000E1	4.123828E-5
4.780000E2	1.200000E1	4.051610E-5
4.780000E2	1.400000E1	3.967992E-5
4.780000E2	1.600000E1	3.873828E-5
4.780000E2	1.800000E1	3.770093E-5
4.780000E2	2.000000E1	3.657871E-5
4.780000E2	2.200000E1	3.538348E-5
4.780000E2	2.400000E1	3.412808E-5
4.780000E2	2.600000E1	3.282641E-5
4.780000E2	2.800000E1	3.149396E-5
4.780000E2	3.000000E1	3.014929E-5
4.780000E2	3.200000E1	2.881801E-5
4.780000E2	3.400000E1	2.754405E-5
4.780000E2	3.600000E1	2.642605E-5
4.780000E2	3.800000E1	2.576841E-5
4.780000E2	4.000000E1	2.718674E-5
4.780000E2	4.200000E1	4.133105E-5
4.780000E2	4.400000E1	3.124386E-5
4.780000E2	4.600000E1	2.716981E-5
4.780000E2	4.800000E1	2.492070E-5
4.780000E2	5.000000E1	2.344717E-5
4.780000E2	5.200000E1	2.238006E-5
4.780000E2	5.400000E1	2.155813E-5
4.780000E2	5.600000E1	2.089659E-5
4.780000E2	5.800000E1	2.034256E-5
4.780000E2	6.000000E1	1.985758E-5
4.780000E2	6.200000E1	1.940978E-5
4.780000E2	6.400000E1	1.896970E-5
4.780000E2	6.600000E1	1.850768E-5
4.780000E2	6.800000E1	1.799156E-5
4.780000E2	7.000000E1	1.738437E-5
4.780000E2	7.200000E1	1.664180E-5
4.780000E2	7.400000E1	1.570949E-5
4.780000E2	7.600000E1	1.452094E-5
4.780000E2	7.800000E1	1.299883E-5
4.780000E2	8.000000E1	1.106623E-5
4.800000E2	0.000000E0	5.673116E-5
4.800000E2	2.000000E0	5.663918E-5
4.800000E2	4.000000E0	5.636412E-5
4.800000E2	6.000000E0	5.590865E-5
4.800000E2	8.000000E0	5.527719E-5
4.800000E2	1.000000E1	5.447597E-5
4.800000E2	1.200000E1	5.351299E-5
4.800000E2	1.400000E1	5.239798E-5
4.800000E2	1.600000E1	5.114239E-5
4.800000E2	1.800000E1	4.975927E-5
4.800000E2	2.000000E1	4.826316E-5
4.800000E2	2.200000E1	4.666999E-5
4.800000E2	2.400000E1	4.499697E-5
4.800000E2	2.600000E1	4.326278E-5
4.800000E2	2.800000E1	4.148814E-5
4.800000E2	3.000000E1	3.969774E-5
4.800000E2	3.200000E1	3.792542E-5
4.800000E2	3.400000E1	3.622882E-5
4.800000E2	3.600000E1	3.473677E-5
4.800000E2	3.800000E1	3.384666E-5
4.800000E2	4.000000E1	3.566911E-5
4.800000E2	4.200000E1	5.490246E-5
4.800000E2	4.400000E1	4.153860E-5
4.800000E2	4.600000E1	3.606278E-5
4.800000E2	4.800000E1	3.300766E-5
4.800000E2	5.000000E1	3.099002E-5
4.800000E2	5.200000E1	2.952092E-5
4.800000E2	5.400000E1	2.838551E-5
4.800000E2	5.600000E1	2.747006E-5
4.800000E2	5.800000E1	2.670326E-5
4.800000E2	6.000000E1	2.603318E-5
4.800000E2	6.200000E1	2.541683E-5
4.800000E2	6.400000E1	2.481471E-5
4.800000E2	6.600000E1	2.418724E-5
4.800000E2	6.800000E1	2.349178E-5
4.800000E2	7.000000E1	2.267959E-5
4.800000E2	7.200000E1	2.169251E-5
4.800000E2	7.400000E1	2.045951E-5
4.800000E2	7.600000E1	1.889411E-5
4.800000E2	7.800000E1	1.689632E-5
4.800000E2	8.000000E1	1.436759E-5
4.820000E2	0.000000E0	7.310348E-5
4.820000E2	2.000000E0	7.298413E-5
4.820000E2	4.000000E0	7.262721E-5
4.820000E2	6.000000E0	7.203617E-5
4.820000E2	8.000000E0	7.121677E-5
4.820000E2	1.000000E1	7.017707E-5
4.820000E2	1.200000E1	6.892747E-5
4.820000E2	1.400000E1	6.748062E-5
4.820000E2	1.600000E1	6.585143E-5
4.820000E2	1.800000E1	6.405689E-5
4.820000E2	2.000000E1	6.211597E-5
4.820000E2	2.200000E1	6.004943E-5
4.820000E2	2.400000E1	5.787973E-5
4.820000E2	2.600000E1	5.563121E-5
4.820000E2	2.800000E1	5.333079E-5
4.820000E2	3.000000E1	5.101044E-5
4.820000E2	3.200000E1	4.871367E-5
4.820000E2	3.400000E1	4.651422E-5
4.820000E2	3.600000E1	4.457639E-5
4.820000E2	3.800000E1	4.340667E-5
4.820000E2	4.000000E1	4.569753E-5
4.820000E2	4.200000E1	7.103973E-5
4.820000E2	4.400000E1	5.374633E-5
4.820000E2	4.600000E1	4.659571E-5
4.820000E2	4.800000E1	4.258065E-5
4.820000E2	5.000000E1	3.991619E-5
4.820000E2	5.200000E1	3.796965E-5
4.820000E2	5.400000E1	3.646194E-5
4.820000E2	5.600000E1	3.524474E-5
4.820000E2	5.800000E1	3.422474E-5
4.820000E2	6.000000E1	3.333391E-5
4.820000E2	6.200000E1	3.251605E-5
4.820000E2	6.400000E1	3.171970E-5
4.820000E2	6.600000E1	3.089350E-5
4.820000E2	6.800000E1	2.998234E-5
4.820000E2	7.000000E1	2.892352E-5
4.820000E2	7.200000E1	2.764252E-5
4.820000E2	7.400000E1	2.604868E-5
4.820000E2	7.600000E1	2.403219E-5
4.820000E2	7.800000E1	2.146690E-5
4.820000E2	8.000000E1	1.823000E-5
4.840000E2	0.000000E0	9.070619E-5
4.840000E2	2.000000E0	9.055729E-5
4.840000E2	4.000000E0	9.011203E-5
4.840000E2	6.000000E0	8.937470E-5
4.840000E2	8.000000E0	8.835250E-5
4.840000E2	1.000000E1	8.705551E-5
4.840000E2	1.200000E1	8.549670E-5
4.840000E2	1.400000E1	8.369192E-5
4.840000E2	1.600000E1	8.165982E-5
4.840000E2	1.800000E1	7.942167E-5
4.840000E2	2.000000E1	7.700123E-5
4.840000E2	2.200000E1	7.442451E-5
4.840000E2	2.400000E1	7.171964E-5
4.840000E2	2.600000E1	6.891702E-5
4.840000E2	2.800000E1	6.605029E-5
4.840000E2	3.000000E1	6.315915E-5
4.840000E2	3.200000E1	6.029745E-5
4.840000E2	3.400000E1	5.755603E-5
4.840000E2	3.600000E1	5.513677E-5
4.840000E2	3.800000E1	5.366212E-5
4.840000E2	4.000000E1	5.644313E-5
4.840000E2	4.200000E1	8.844082E-5
4.840000E2	4.400000E1	6.685239E-5
4.840000E2	4.600000E1	5.788793E-5
4.840000E2	4.800000E1	5.283981E-5
4.840000E2	5.000000E1	4.948161E-5
4.840000E2	5.200000E1	4.702372E-5
4.840000E2	5.400000E1	4.511728E-5
4.840000E2	5.600000E1	4.357647E-5
4.840000E2	5.800000E1	4.228426E-5
4.840000E2	6.000000E1	4.115526E-5
4.840000E2	6.200000E1	4.011906E-5
4.840000E2	6.400000E1	3.911129E-5
4.840000E2	6.600000E1	3.806790E-5
4.840000E2	6.800000E1	3.692037E-5
4.840000E2	7.000000E1	3.559098E-5
4.840000E2	7.200000E1	3.398769E-5
4.840000E2	7.400000E1	3.199897E-5
4.840000E2	7.600000E1	2.949046E-5
4.840000E2	7.800000E1	2.630902E-5
4.840000E2	8.000000E1	2.230778E-5
4.860000E2	0.000000E0	1.142652E-4
4.860000E2	2.000000E0	1.140769E-4
4.860000E2	4.000000E0	1.135138E-4
4.860000E2	6.000000E0	1.125813E-4
4.860000E2	8.000000E0	1.112887E-4
4.860000E2	1.000000E1	1.096486E-4
4.860000E2	1.200000E1	1.076776E-4
4.860000E2	1.400000E1	1.053957E-4
4.860000E2	1.600000E1	1.028266E-4
4.860000E2	1.800000E1	9.999731E-5
4.860000E2	2.000000E1	9.693798E-5
4.860000E2	2.200000E1	9.368158E-5
4.860000E2	2.400000E1	9.026376E-5
4.860000E2	2.600000E1	8.672304E-5
4.860000E2	2.800000E1	8.310185E-5
4.860000E2	3.000000E1	7.945024E-5
4.860000E2	3.200000E1	7.583572E-5
4.860000E2	3.400000E1	7.237189E-5
4.860000E2	3.600000E1	6.931091E-5
4.860000E2	3.800000E1	6.743044E-5
4.860000E2	4.000000E1	7.086970E-5
4.860000E2	4.200000E1	1.117031E-4
4.860000E2	4.400000E1	8.428649E-5
4.860000E2	4.600000E1	7.291112E-5
4.860000E2	4.800000E1	6.650811E-5
4.860000E2	5.000000E1	6.224741E-5
4.860000E2	5.200000E1	5.912708E-5
4.860000E2	5.400000E1	5.670482E-5
4.860000E2	5.600000E1	5.474503E-5
4.860000E2	5.800000E1	5.309934E-5
4.860000E2	6.000000E1	5.165954E-5
4.860000E2	6.200000E1	5.033644E-5
4.860000E2	6.400000E1	4.904859E-5
4.860000E2	6.600000E1	4.771505E-5
4.860000E2	6.800000E1	4.624938E-5
4.860000E2	7.000000E1	4.455374E-5
4.860000E2	7.200000E1	4.251260E-5
4.860000E2	7.400000E1	3.998653E-5
4.860000E2	7.600000E1	3.680857E-5
4.860000E2	7.800000E1	3.279024E-5
4.860000E2	8.000000E1	2.775409E-5
4.880000E2	0.000000E0	1.442797E-4
4.880000E2	2.000000E0	1.440414E-4
4.880000E2	4.000000E0	1.433286E-4
4.880000E2	6.000000E0	1.421485E-4
4.880000E2	8.000000E0	1.405125E-4
4.880000E2	1.000000E1	1.384369E-4
4.880000E2	1.200000E1	1.359427E-4
4.880000E2	1.400000E1	1.330554E-4
4.880000E2	1.600000E1	1.298051E-4
4.880000E2	1.800000E1	1.262260E-4
4.880000E2	2.000000E1	1.223565E-4
4.880000E2	2.200000E1	1.182383E-4
4.880000E2	2.400000E1	1.139166E-4
4.880000E2	2.600000E1	1.094401E-4
4.880000E2	2.800000E1	1.048624E-4
4.880000E2	3.000000E1	1.002465E-4
4.880000E2	3.200000E1	9.567728E-5
4.880000E2	3.400000E1	9.129699E-5
4.880000E2	3.600000E1	8.742168E-5
4.880000E2	3.800000E1	8.502657E-5
4.880000E2	4.000000E1	8.930529E-5
4.880000E2	4.200000E1	1.413150E-4
4.880000E2	4.400000E1	1.063460E-4
4.880000E2	4.600000E1	9.192220E-5
4.880000E2	4.800000E1	8.383260E-5
4.880000E2	5.000000E1	7.845866E-5
4.880000E2	5.200000E1	7.452484E-5
4.880000E2	5.400000E1	7.146981E-5
4.880000E2	5.600000E1	6.899522E-5
4.880000E2	5.800000E1	6.691340E-5
4.880000E2	6.000000E1	6.508762E-5
4.880000E2	6.200000E1	6.340515E-5
4.880000E2	6.400000E1	6.176307E-5
4.880000E2	6.600000E1	6.005904E-5
4.880000E2	6.800000E1	5.818382E-5
4.880000E2	7.000000E1	5.601390E-5
4.880000E2	7.200000E1	5.340382E-5
4.880000E2	7.400000E1	5.017877E-5
4.880000E2	7.600000E1	4.613083E-5
4.880000E2	7.800000E1	4.102785E-5
4.880000E2	8.000000E1	3.465632E-5
4.900000E2	0.000000E0	1.815054E-4
4.900000E2	2.000000E0	1.812054E-4
4.900000E2	4.000000E0	1.803081E-4
4.900000E2	6.000000E0	1.788224E-4
4.900000E2	8.000000E0	1.767630E-4
4.900000E2	1.000000E1	1.741505E-4
4.900000E2	1.200000E1	1.710113E-4
4.900000E2	1.400000E1	1.673780E-4
4.900000E2	1.600000E1	1.632883E-4
4.900000E2	1.800000E1	1.587857E-4
4.900000E2	2.000000E1	1.539184E-4
4.900000E2	2.200000E1	1.487391E-4
4.900000E2	2.400000E1	1.433046E-4
4.900000E2	2.600000E1	1.376761E-4
4.900000E2	2.800000E1	1.319207E-4
4.900000E2	3.000000E1	1.261172E-4
4.900000E2	3.200000E1	1.203717E-4
4.900000E2	3.400000E1	1.148619E-4
4.900000E2	3.600000E1	1.099829E-4
4.900000E2	3.800000E1	1.069552E-4
4.900000E2	4.000000E1	1.122833E-4
4.900000E2	4.200000E1	1.779625E-4
4.900000E2	4.400000E1	1.334410E-4
4.900000E2	4.600000E1	1.152878E-4
4.900000E2	4.800000E1	1.051784E-4
4.900000E2	5.000000E1	9.848807E-5
4.900000E2	5.200000E1	9.359806E-5
4.900000E2	5.400000E1	8.980013E-5
4.900000E2	5.600000E1	8.671947E-5
4.900000E2	5.800000E1	8.412098E-5
4.900000E2	6.000000E1	8.183352E-5
4.900000E2	6.200000E1	7.971591E-5
4.900000E2	6.400000E1	7.763901E-5
4.900000E2	6.600000E1	7.547419E-5
4.900000E2	6.800000E1	7.308399E-5
4.900000E2	7.000000E1	7.031304E-5
4.900000E2	7.200000E1	6.697872E-5
4.900000E2	7.400000E1	6.286258E-5
4.900000E2	7.600000E1	5.770680E-5
4.900000E2	7.800000E1	5.122738E-5
4.900000E2	8.000000E1	4.317064E-5
4.920000E2	0.000000E0	2.266562E-4
4.920000E2	2.000000E0	2.262817E-4
4.920000E2	4.000000E0	2.251619E-4
4.920000E2	6.000000E0	2.233080E-4
4.920000E2	8.000000E0	2.207384E-4
4.920000E2	1.000000E1	2.174789E-4
4.920000E2	1.200000E1	2.135631E-4
4.920000E2	1.400000E1	2.090313E-4
4.920000E2	1.600000E1	2.039312E-4
4.920000E2	1.800000E1	1.983170E-4
4.920000E2	2.000000E1	1.922490E-4
4.920000E2	2.200000E1	1.857930E-4
4.920000E2	2.400000E1	1.790196E-4
4.920000E2	2.600000E1	1.720048E-4
4.920000E2	2.800000E1	1.648322E-4
4.920000E2	3.000000E1	1.575991E-4
4.920000E2	3.200000E1	1.504370E-4
4.920000E2	3.400000E1	1.435662E-4
4.920000E2	3.600000E1	1.374773E-4
4.920000E2	3.800000E1	1.336882E-4
4.920000E2	4.000000E1	1.402929E-4
4.920000E2	4.200000E1	2.223168E-4
4.920000E2	4.400000E1	1.659624E-4
4.920000E2	4.600000E1	1.433557E-4
4.920000E2	4.800000E1	1.308915E-4
4.920000E2	5.000000E1	1.226881E-4
4.920000E2	5.200000E1	1.167065E-4
4.920000E2	5.400000E1	1.120614E-4
4.920000E2	5.600000E1	1.082871E-4
4.920000E2	5.800000E1	1.050927E-4
4.920000E2	6.000000E1	1.022667E-4
4.920000E2	6.200000E1	9.963436E-5
4.920000E2	6.400000E1	9.703528E-5
4.920000E2	6.600000E1	9.430929E-5
4.920000E2	6.800000E1	9.128479E-5
4.920000E2	7.000000E1	8.776773E-5
4.920000E2	7.200000E1	8.353050E-5
4.920000E2	7.400000E1	7.830210E-5
4.920000E2	7.600000E1	7.176551E-5
4.920000E2	7.800000E1	6.357692E-5
4.920000E2	8.000000E1	5.343990E-5
4.940000E2	0.000000E0	2.865295E-4
4.940000E2	2.000000E0	2.860571E-4
4.940000E2	4.000000E0	2.846444E-4
4.940000E2	6.000000E0	2.823057E-4
4.940000E2	8.000000E0	2.790644E-4
4.940000E2	1.000000E1	2.749536E-4
4.940000E2	1.200000E1	2.700155E-4
4.940000E2	1.400000E1	2.643017E-4
4.940000E2	1.600000E1	2.578724E-4
4.940000E2	1.800000E1	2.507962E-4
4.940000E2	2.000000E1	2.431492E-4
4.940000E2	2.200000E1	2.350141E-4
4.940000E2	2.400000E1	2.264798E-4
4.940000E2	2.600000E1	2.176418E-4
4.940000E2	2.800000E1	2.086044E-4
4.940000E2	3.000000E1	1.994898E-4
4.940000E2	3.200000E1	1.904622E-4
4.940000E2	3.400000E1	1.817983E-4
4.940000E2	3.600000E1	1.741151E-4
4.940000E2	3.800000E1	1.693262E-4
4.940000E2	4.000000E1	1.776412E-4
4.940000E2	4.200000E1	2.809216E-4
4.940000E2	4.400000E1	2.086512E-4
4.940000E2	4.600000E1	1.802502E-4
4.940000E2	4.800000E1	1.647892E-4
4.940000E2	5.000000E1	1.546865E-4
4.940000E2	5.200000E1	1.473433E-4
4.940000E2	5.400000E1	1.416423E-4
4.940000E2	5.600000E1	1.370002E-4
4.940000E2	5.800000E1	1.330544E-4
4.940000E2	6.000000E1	1.295416E-4
4.940000E2	6.200000E1	1.262436E-4
4.940000E2	6.400000E1	1.229594E-4
4.940000E2	6.600000E1	1.194874E-4
4.940000E2	6.800000E1	1.156109E-4
4.940000E2	7.000000E1	1.110846E-4
4.940000E2	7.200000E1	1.056211E-4
4.940000E2	7.400000E1	9.888045E-5
4.940000E2	7.600000E1	9.046854E-5
4.940000E2	7.800000E1	7.996584E-5
4.940000E2	8.000000E1	6.702590E-5
4.960000E2	0.000000E0	3.652081E-4
4.960000E2	2.000000E0	3.646079E-4
4.960000E2	4.000000E0	3.628133E-4
4.960000E2	6.000000E0	3.598425E-4
4.960000E2	8.000000E0	3.557258E-4
4.960000E2	1.000000E1	3.505052E-4
4.960000E2	1.200000E1	3.442351E-4
4.960000E2	1.400000E1	3.369811E-4
4.960000E2	1.600000E1	3.288202E-4
4.960000E2	1.800000E1	3.198395E-4
4.960000E2	2.000000E1	3.101356E-4
4.960000E2	2.200000E1	2.998134E-4
4.960000E2	2.400000E1	2.889853E-4
4.960000E2	2.600000E1	2.777715E-4
4.960000E2	2.800000E1	2.663035E-4
4.960000E2	3.000000E1	2.547351E-4
4.960000E2	3.200000E1	2.432732E-4
4.960000E2	3.400000E1	2.322677E-4
4.960000E2	3.600000E1	2.225012E-4
4.960000E2	3.800000E1	2.164076E-4
4.960000E2	4.000000E1	2.269774E-4
4.960000E2	4.200000E1	3.576529E-4
4.960000E2	4.400000E1	2.641514E-4
4.960000E2	4.600000E1	2.282909E-4
4.960000E2	4.800000E1	2.090652E-4
4.960000E2	5.000000E1	1.966130E-4
4.960000E2	5.200000E1	1.875980E-4
4.960000E2	5.400000E1	1.806015E-4
4.960000E2	5.600000E1	1.748896E-4
4.960000E2	5.800000E1	1.700087E-4
4.960000E2	6.000000E1	1.656297E-4
4.960000E2	6.200000E1	1.614790E-4
4.960000E2	6.400000E1	1.573034E-4
4.960000E2	6.600000E1	1.528473E-4
4.960000E2	6.800000E1	1.478349E-4
4.960000E2	7.000000E1	1.419536E-4
4.960000E2	7.200000E1	1.348379E-4
4.960000E2	7.400000E1	1.260577E-4
4.960000E2	7.600000E1	1.151203E-4
4.960000E2	7.800000E1	1.015119E-4
4.960000E2	8.000000E1	8.482951E-5
4.980000E2	0.000000E0	4.675916E-4
4.980000E2	2.000000E0	4.668268E-4
4.980000E2	4.000000E0	4.645400E-4
4.980000E2	6.000000E0	4.607547E-4
4.980000E2	8.000000E0	4.555097E-4
4.980000E2	1.000000E1	4.488594E-4
4.980000E2	1.200000E1	4.408732E-4
4.980000E2	1.400000E1	4.316353E-4
4.980000E2	1.600000E1	4.212441E-4
4.980000E2	1.800000E1	4.098107E-4
4.980000E2	2.000000E1	3.974580E-4
4.980000E2	2.200000E1	3.843190E-4
4.980000E2	2.400000E1	3.705360E-4
4.980000E2	2.600000E1	3.562607E-4
4.980000E2	2.800000E1	3.416591E-4
4.980000E2	3.000000E1	3.269249E-4
4.980000E2	3.200000E1	3.123199E-4
4.980000E2	3.400000E1	2.982878E-4
4.980000E2	3.600000E1	2.858267E-4
4.980000E2	3.800000E1	2.780470E-4
4.980000E2	4.000000E1	2.915641E-4
4.980000E2	4.200000E1	4.569868E-4
4.980000E2	4.400000E1	3.354692E-4
4.980000E2	4.600000E1	2.901534E-4
4.980000E2	4.800000E1	2.662930E-4
4.980000E2	5.000000E1	2.510036E-4
4.980000E2	5.200000E1	2.399885E-4
4.980000E2	5.400000E1	2.314432E-4
4.980000E2	5.600000E1	2.244441E-4
4.980000E2	5.800000E1	2.184241E-4
4.980000E2	6.000000E1	2.129716E-4
4.980000E2	6.200000E1	2.077436E-4
4.980000E2	6.400000E1	2.024203E-4
4.980000E2	6.600000E1	1.966766E-4
4.980000E2	6.800000E1	1.901602E-4
4.980000E2	7.000000E1	1.824710E-4
4.980000E2	7.200000E1	1.731423E-4
4.980000E2	7.400000E1	1.616285E-4
4.980000E2	7.600000E1	1.473122E-4
4.980000E2	7.800000E1	1.295649E-4
4.980000E2	8.000000E1	1.079247E-4
5.000000E2	0.000000E0	6.061672E-4
5.000000E2	2.000000E0	6.051815E-4
5.000000E2	4.000000E0	6.022345E-4
5.000000E2	6.000000E0	5.973566E-4
5.000000E2	8.000000E0	5.905984E-4
5.000000E2	1.000000E1	5.820305E-4
5.000000E2	1.200000E1	5.717430E-4
5.000000E2	1.400000E1	5.598449E-4
5.000000E2	1.600000E1	5.464632E-4
5.000000E2	1.800000E1	5.317410E-4
5.000000E2	2.000000E1	5.158361E-4
5.000000E2	2.200000E1	4.989192E-4
5.000000E2	2.400000E1	4.811719E-4
5.000000E2	2.600000E1	4.627879E-4
5.000000E2	2.800000E1	4.439784E-4
5.000000E2	3.000000E1	4.249902E-4
5.000000E2	3.200000E1	4.061577E-4
5.000000E2	3.400000E1	3.880507E-4
5.000000E2	3.600000E1	3.719571E-4
5.000000E2	3.800000E1	3.619034E-4
5.000000E2	4.000000E1	3.794133E-4
5.000000E2	4.200000E1	5.907154E-4
5.000000E2	4.400000E1	4.309144E-4
5.000000E2	4.600000E1	3.731242E-4
5.000000E2	4.800000E1	3.433093E-4
5.000000E2	5.000000E1	3.244407E-4
5.000000E2	5.200000E1	3.109248E-4
5.000000E2	5.400000E1	3.004438E-4
5.000000E2	5.600000E1	2.918249E-4
5.000000E2	5.800000E1	2.843526E-4
5.000000E2	6.000000E1	2.775085E-4
5.000000E2	6.200000E1	2.708581E-4
5.000000E2	6.400000E1	2.639929E-4
5.000000E2	6.600000E1	2.564952E-4
5.000000E2	6.800000E1	2.479093E-4
5.000000E2	7.000000E1	2.377172E-4
5.000000E2	7.200000E1	2.253160E-4
5.000000E2	7.400000E1	2.100057E-4
5.000000E2	7.600000E1	1.910059E-4
5.000000E2	7.800000E1	1.675431E-4
5.000000E2	8.000000E1	1.390925E-4
5.020000E2	0.000000E0	7.822192E-4
5.020000E2	2.000000E0	7.809560E-4
5.020000E2	4.000000E0	7.771796E-4
5.020000E2	6.000000E0	7.709293E-4
5.020000E2	8.000000E0	7.622704E-4
5.020000E2	1.000000E1	7.512941E-4
5.020000E2	1.200000E1	7.381165E-4
5.020000E2	1.400000E1	7.228778E-4
5.020000E2	1.600000E1	7.057406E-4
5.020000E2	1.800000E1	6.868883E-4
5.020000E2	2.000000E1	6.665222E-4
5.020000E2	2.200000E1	6.448592E-4
5.020000E2	2.400000E1	6.221300E-4
5.020000E2	2.600000E1	5.985799E-4
5.020000E2	2.800000E1	5.744755E-4
5.020000E2	3.000000E1	5.501294E-4
5.020000E2	3.200000E1	5.259658E-4
5.020000E2	3.400000E1	5.027127E-4
5.020000E2	3.600000E1	4.820235E-4
5.020000E2	3.800000E1	4.690864E-4
5.020000E2	4.000000E1	4.916597E-4
5.020000E2	4.200000E1	7.594168E-4
5.020000E2	4.400000E1	5.504536E-4
5.020000E2	4.600000E1	4.773327E-4
5.020000E2	4.800000E1	4.404560E-4
5.020000E2	5.000000E1	4.174510E-4
5.020000E2	5.200000E1	4.010826E-4
5.020000E2	5.400000E1	3.883944E-4
5.020000E2	5.600000E1	3.779091E-4
5.020000E2	5.800000E1	3.687319E-4
5.020000E2	6.000000E1	3.602145E-4
5.020000E2	6.200000E1	3.518105E-4
5.020000E2	6.400000E1	3.430020E-4
5.020000E2	6.600000E1	3.332544E-4
5.020000E2	6.800000E1	3.219819E-4
5.020000E2	7.000000E1	3.085170E-4
5.020000E2	7.200000E1	2.920856E-4
5.020000E2	7.400000E1	2.717958E-4
5.020000E2	7.600000E1	2.466687E-4
5.020000E2	7.800000E1	2.157643E-4
5.020000E2	8.000000E1	1.785061E-4
5.040000E2	0.000000E0	1.006073E-3
5.040000E2	2.000000E0	1.004461E-3
5.040000E2	4.000000E0	9.996423E-4
5.040000E2	6.000000E0	9.916678E-4
5.040000E2	8.000000E0	9.806212E-4
5.040000E2	1.000000E1	9.666196E-4
5.040000E2	1.200000E1	9.498116E-4
5.040000E2	1.400000E1	9.303766E-4
5.040000E2	1.600000E1	9.085219E-4
5.040000E2	1.800000E1	8.844809E-4
5.040000E2	2.000000E1	8.585088E-4
5.040000E2	2.200000E1	8.308802E-4
5.040000E2	2.400000E1	8.018859E-4
5.040000E2	2.600000E1	7.718346E-4
5.040000E2	2.800000E1	7.410615E-4
5.040000E2	3.000000E1	7.099596E-4
5.040000E2	3.200000E1	6.790647E-4
5.040000E2	3.400000E1	6.493022E-4
5.040000E2	3.600000E1	6.227864E-4
5.040000E2	3.800000E1	6.061760E-4
5.040000E2	4.000000E1	6.351286E-4
5.040000E2	4.200000E1	9.723304E-4
5.040000E2	4.400000E1	7.002620E-4
5.040000E2	4.600000E1	6.083267E-4
5.040000E2	4.800000E1	5.631161E-4
5.040000E2	5.000000E1	5.353760E-4
5.040000E2	5.200000E1	5.157942E-4
5.040000E2	5.400000E1	5.006207E-4
5.040000E2	5.600000E1	4.880061E-4
5.040000E2	5.800000E1	4.768387E-4
5.040000E2	6.000000E1	4.663135E-4
5.040000E2	6.200000E1	4.557469E-4
5.040000E2	6.400000E1	4.444851E-4
5.040000E2	6.600000E1	4.318472E-4
5.040000E2	6.800000E1	4.170828E-4
5.040000E2	7.000000E1	3.993361E-4
5.040000E2	7.200000E1	3.776170E-4
5.040000E2	7.400000E1	3.507961E-4
5.040000E2	7.600000E1	3.176543E-4
5.040000E2	7.800000E1	2.770621E-4
5.040000E2	8.000000E1	2.284130E-4
5.060000E2	0.000000E0	1.299357E-3
5.060000E2	2.000000E0	1.297294E-3
5.060000E2	4.000000E0	1.291126E-3
5.060000E2	6.000000E0	1.280920E-3
5.060000E2	8.000000E0	1.266782E-3
5.060000E2	1.000000E1	1.248865E-3
5.060000E2	1.200000E1	1.227357E-3
5.060000E2	1.400000E1	1.202490E-3
5.060000E2	1.600000E1	1.174527E-3
5.060000E2	1.800000E1	1.143767E-3
5.060000E2	2.000000E1	1.110534E-3
5.060000E2	2.200000E1	1.075174E-3
5.060000E2	2.400000E1	1.038057E-3
5.060000E2	2.600000E1	9.995700E-4
5.060000E2	2.800000E1	9.601358E-4
5.060000E2	3.000000E1	9.202492E-4
5.060000E2	3.200000E1	8.805883E-4
5.060000E2	3.400000E1	8.423324E-4
5.060000E2	3.600000E1	8.081942E-4
5.060000E2	3.800000E1	7.867499E-4
5.060000E2	4.000000E1	8.239697E-4
5.060000E2	4.200000E1	1.248994E-3
5.060000E2	4.400000E1	8.938020E-4
5.060000E2	4.600000E1	7.781128E-4
5.060000E2	4.800000E1	7.227933E-4
5.060000E2	5.000000E1	6.895002E-4
5.060000E2	5.200000E1	6.662192E-4
5.060000E2	5.400000E1	6.481856E-4
5.060000E2	5.600000E1	6.330813E-4
5.060000E2	5.800000E1	6.195246E-4
5.060000E2	6.000000E1	6.065146E-4
5.060000E2	6.200000E1	5.931947E-4
5.060000E2	6.400000E1	5.787372E-4
5.060000E2	6.600000E1	5.622719E-4
5.060000E2	6.800000E1	5.428346E-4
5.060000E2	7.000000E1	5.193240E-4
5.060000E2	7.200000E1	4.904719E-4
5.060000E2	7.400000E1	4.548452E-4
5.060000E2	7.600000E1	4.109268E-4
5.060000E2	7.800000E1	3.573677E-4
5.060000E2	8.000000E1	2.935653E-4
5.080000E2	0.000000E0	1.668075E-3
5.080000E2	2.000000E0	1.665452E-3
5.080000E2	4.000000E0	1.657611E-3
5.080000E2	6.000000E0	1.644637E-3
5.080000E2	8.000000E0	1.626666E-3
5.080000E2	1.000000E1	1.603890E-3
5.080000E2	1.200000E1	1.576554E-3
5.080000E2	1.400000E1	1.544947E-3
5.080000E2	1.600000E1	1.509406E-3
5.080000E2	1.800000E1	1.470307E-3
5.080000E2	2.000000E1	1.428058E-3
5.080000E2	2.200000E1	1.383095E-3
5.080000E2	2.400000E1	1.335881E-3
5.080000E2	2.600000E1	1.286899E-3
5.080000E2	2.800000E1	1.236677E-3
5.080000E2	3.000000E1	1.185832E-3
5.080000E2	3.200000E1	1.135218E-3
5.080000E2	3.400000E1	1.086324E-3
5.080000E2	3.600000E1	1.042608E-3
5.080000E2	3.800000E1	1.015042E-3
5.080000E2	4.000000E1	1.062518E-3
5.080000E2	4.200000E1	1.593304E-3
5.080000E2	4.400000E1	1.133253E-3
5.080000E2	4.600000E1	9.889965E-4
5.080000E2	4.800000E1	9.221082E-4
5.080000E2	5.000000E1	8.827418E-4
5.080000E2	5.200000E1	8.555212E-4
5.080000E2	5.400000E1	8.344410E-4
5.080000E2	5.600000E1	8.166209E-4
5.080000E2	5.800000E1	8.003592E-4
5.080000E2	6.000000E1	7.844217E-4
5.080000E2	6.200000E1	7.677438E-4
5.080000E2	6.400000E1	7.492843E-4
5.080000E2	6.600000E1	7.279390E-4
5.080000E2	6.800000E1	7.024774E-4
5.080000E2	7.000000E1	6.714930E-4
5.080000E2	7.200000E1	6.333738E-4
5.080000E2	7.400000E1	5.863183E-4
5.080000E2	7.600000E1	5.284600E-4
5.080000E2	7.800000E1	4.582164E-4
5.080000E2	8.000000E1	3.750521E-4
5.100000E2	0.000000E0	2.130037E-3
5.100000E2	2.000000E0	2.126722E-3
5.100000E2	4.000000E0	2.116815E-3
5.100000E2	6.000000E0	2.100419E-3
5.100000E2	8.000000E0	2.077711E-3
5.100000E2	1.000000E1	2.048933E-3
5.100000E2	1.200000E1	2.014392E-3
5.100000E2	1.400000E1	1.974456E-3
5.100000E2	1.600000E1	1.929546E-3
5.100000E2	1.800000E1	1.880133E-3
5.100000E2	2.000000E1	1.826729E-3
5.100000E2	2.200000E1	1.769878E-3
5.100000E2	2.400000E1	1.710152E-3
5.100000E2	2.600000E1	1.648154E-3
5.100000E2	2.800000E1	1.584536E-3
5.100000E2	3.000000E1	1.520063E-3
5.100000E2	3.200000E1	1.455797E-3
5.100000E2	3.400000E1	1.393612E-3
5.100000E2	3.600000E1	1.337882E-3
5.100000E2	3.800000E1	1.302558E-3
5.100000E2	4.000000E1	1.362605E-3
5.100000E2	4.200000E1	2.020233E-3
5.100000E2	4.400000E1	1.428483E-3
5.100000E2	4.600000E1	1.250059E-3
5.100000E2	4.800000E1	1.170088E-3
5.100000E2	5.000000E1	1.124237E-3
5.100000E2	5.200000E1	1.092960E-3
5.100000E2	5.400000E1	1.068742E-3
5.100000E2	5.600000E1	1.048031E-3
5.100000E2	5.800000E1	1.028748E-3
5.100000E2	6.000000E1	1.009383E-3
5.100000E2	6.200000E1	9.886216E-4
5.100000E2	6.400000E1	9.651626E-4
5.100000E2	6.600000E1	9.376130E-4
5.100000E2	6.800000E1	9.044122E-4
5.100000E2	7.000000E1	8.637766E-4
5.100000E2	7.200000E1	8.136725E-4
5.100000E2	7.400000E1	7.518549E-4
5.100000E2	7.600000E1	6.760521E-4
5.100000E2	7.800000E1	5.844428E-4
5.100000E2	8.000000E1	4.766515E-4
5.120000E2	0.000000E0	2.696181E-3
5.120000E2	2.000000E0	2.692032E-3
5.120000E2	4.000000E0	2.679628E-3
5.120000E2	6.000000E0	2.659103E-3
5.120000E2	8.000000E0	2.630675E-3
5.120000E2	1.000000E1	2.594649E-3
5.120000E2	1.200000E1	2.551407E-3
5.120000E2	1.400000E1	2.501407E-3
5.120000E2	1.600000E1	2.445175E-3
5.120000E2	1.800000E1	2.383295E-3
5.120000E2	2.000000E1	2.316398E-3
5.120000E2	2.200000E1	2.245157E-3
5.120000E2	2.400000E1	2.170275E-3
5.120000E2	2.600000E1	2.092490E-3
5.120000E2	2.800000E1	2.012600E-3
5.120000E2	3.000000E1	1.931544E-3
5.120000E2	3.200000E1	1.850630E-3
5.120000E2	3.400000E1	1.772189E-3
5.120000E2	3.600000E1	1.701699E-3
5.120000E2	3.800000E1	1.656722E-3
5.120000E2	4.000000E1	1.731755E-3
5.120000E2	4.200000E1	2.537339E-3
5.120000E2	4.400000E1	1.784120E-3
5.120000E2	4.600000E1	1.565963E-3
5.120000E2	4.800000E1	1.471786E-3
5.120000E2	5.000000E1	1.419431E-3
5.120000E2	5.200000E1	1.384312E-3
5.120000E2	5.400000E1	1.357118E-3
5.120000E2	5.600000E1	1.333518E-3
5.120000E2	5.800000E1	1.311000E-3
5.120000E2	6.000000E1	1.287737E-3
5.120000E2	6.200000E1	1.262122E-3
5.120000E2	6.400000E1	1.232544E-3
5.120000E2	6.600000E1	1.197263E-3
5.120000E2	6.800000E1	1.154319E-3
5.120000E2	7.000000E1	1.101474E-3
5.120000E2	7.200000E1	1.036191E-3
5.120000E2	7.400000E1	9.557064E-4
5.120000E2	7.600000E1	8.572969E-4
5.120000E2	7.800000E1	7.389190E-4
5.120000E2	8.000000E1	6.004904E-4
5.140000E2	0.000000E0	3.381509E-3
5.140000E2	2.000000E0	3.376364E-3
5.140000E2	4.000000E0	3.360986E-3
5.140000E2	6.000000E0	3.335538E-3
5.140000E2	8.000000E0	3.300292E-3
5.140000E2	1.000000E1	3.255623E-3
5.140000E2	1.200000E1	3.202005E-3
5.140000E2	1.400000E1	3.140003E-3
5.140000E2	1.600000E1	3.070262E-3
5.140000E2	1.800000E1	2.993497E-3
5.140000E2	2.000000E1	2.910484E-3
5.140000E2	2.200000E1	2.822039E-3
5.140000E2	2.400000E1	2.729018E-3
5.140000E2	2.600000E1	2.632316E-3
5.140000E2	2.800000E1	2.532897E-3
5.140000E2	3.000000E1	2.431900E-3
5.140000E2	3.200000E1	2.330918E-3
5.140000E2	3.400000E1	2.232815E-3
5.140000E2	3.600000E1	2.144387E-3
5.140000E2	3.800000E1	2.087510E-3
5.140000E2	4.000000E1	2.180110E-3
5.140000E2	4.200000E1	3.155187E-3
5.140000E2	4.400000E1	2.206993E-3
5.140000E2	4.600000E1	1.943452E-3
5.140000E2	4.800000E1	1.834332E-3
5.140000E2	5.000000E1	1.775879E-3
5.140000E2	5.200000E1	1.737490E-3
5.140000E2	5.400000E1	1.707757E-3
5.140000E2	5.600000E1	1.681457E-3
5.140000E2	5.800000E1	1.655589E-3
5.140000E2	6.000000E1	1.627969E-3
5.140000E2	6.200000E1	1.596651E-3
5.140000E2	6.400000E1	1.559663E-3
5.140000E2	6.600000E1	1.514851E-3
5.140000E2	6.800000E1	1.459780E-3
5.140000E2	7.000000E1	1.391672E-3
5.140000E2	7.200000E1	1.307399E-3
5.140000E2	7.400000E1	1.203606E-3
5.140000E2	7.600000E1	1.077078E-3
5.140000E2	7.800000E1	9.255942E-4
5.140000E2	8.000000E1	7.495430E-4
5.160000E2	0.000000E0	4.189240E-3
5.160000E2	2.000000E0	4.182942E-3
5.160000E2	4.000000E0	4.164114E-3
5.160000E2	6.000000E0	4.132958E-3
5.160000E2	8.000000E0	4.089805E-3
5.160000E2	1.000000E1	4.035113E-3
5.160000E2	1.200000E1	3.969458E-3
5.160000E2	1.400000E1	3.893526E-3
5.160000E2	1.600000E1	3.808099E-3
5.160000E2	1.800000E1	3.714044E-3
5.160000E2	2.000000E1	3.612292E-3
5.160000E2	2.200000E1	3.503828E-3
5.160000E2	2.400000E1	3.389676E-3
5.160000E2	2.600000E1	3.270903E-3
5.160000E2	2.800000E1	3.148661E-3
5.160000E2	3.000000E1	3.024307E-3
5.160000E2	3.200000E1	2.899755E-3
5.160000E2	3.400000E1	2.778478E-3
5.160000E2	3.600000E1	2.668783E-3
5.160000E2	3.800000E1	2.597561E-3
5.160000E2	4.000000E1	2.710016E-3
5.160000E2	4.200000E1	3.873159E-3
5.160000E2	4.400000E1	2.696036E-3
5.160000E2	4.600000E1	2.382361E-3
5.160000E2	4.800000E1	2.258391E-3
5.160000E2	5.000000E1	2.194920E-3
5.160000E2	5.200000E1	2.154364E-3
5.160000E2	5.400000E1	2.122936E-3
5.160000E2	5.600000E1	2.094421E-3
5.160000E2	5.800000E1	2.065290E-3
5.160000E2	6.000000E1	2.032964E-3
5.160000E2	6.200000E1	1.995123E-3
5.160000E2	6.400000E1	1.949379E-3
5.160000E2	6.600000E1	1.893103E-3
5.160000E2	6.800000E1	1.823312E-3
5.160000E2	7.000000E1	1.736604E-3
5.160000E2	7.200000E1	1.629183E-3
5.160000E2	7.400000E1	1.497039E-3
5.160000E2	7.600000E1	1.336457E-3
5.160000E2	7.800000E1	1.145113E-3
5.160000E2	8.000000E1	9.240957E-4
5.180000E2	0.000000E0	5.136326E-3
5.180000E2	2.000000E0	5.128697E-3
5.180000E2	4.000000E0	5.105890E-3
5.180000E2	6.000000E0	5.068148E-3
5.180000E2	8.000000E0	5.015871E-3
5.180000E2	1.000000E1	4.949609E-3
5.180000E2	1.200000E1	4.870055E-3
5.180000E2	1.400000E1	4.778034E-3
5.180000E2	1.600000E1	4.674481E-3
5.180000E2	1.800000E1	4.560432E-3
5.180000E2	2.000000E1	4.436996E-3
5.180000E2	2.200000E1	4.305341E-3
5.180000E2	2.400000E1	4.166679E-3
5.180000E2	2.600000E1	4.022270E-3
5.180000E2	2.800000E1	3.873467E-3
5.180000E2	3.000000E1	3.721870E-3
5.180000E2	3.200000E1	3.569749E-3
5.180000E2	3.400000E1	3.421262E-3
5.180000E2	3.600000E1	3.286447E-3
5.180000E2	3.800000E1	3.197973E-3
5.180000E2	4.000000E1	3.332590E-3
5.180000E2	4.200000E1	4.702764E-3
5.180000E2	4.400000E1	3.258785E-3
5.180000E2	4.600000E1	2.890218E-3
5.180000E2	4.800000E1	2.751983E-3
5.180000E2	5.000000E1	2.685087E-3
5.180000E2	5.200000E1	2.643903E-3
5.180000E2	5.400000E1	2.611951E-3
5.180000E2	5.600000E1	2.581931E-3
5.180000E2	5.800000E1	2.549738E-3
5.180000E2	6.000000E1	2.512368E-3
5.180000E2	6.200000E1	2.467082E-3
5.180000E2	6.400000E1	2.411025E-3
5.180000E2	6.600000E1	2.341022E-3
5.180000E2	6.800000E1	2.253460E-3
5.180000E2	7.000000E1	2.144228E-3
5.180000E2	7.200000E1	2.008778E-3
5.180000E2	7.400000E1	1.842390E-3
5.180000E2	7.600000E1	1.640850E-3
5.180000E2	7.800000E1	1.401843E-3
5.180000E2	8.000000E1	1.127438E-3
5.200000E2	0.000000E0	6.205648E-3
5.200000E2	2.000000E0	6.196543E-3
5.200000E2	4.000000E0	6.169322E-3
5.200000E2	6.000000E0	6.124275E-3
5.200000E2	8.000000E0	6.061874E-3
5.200000E2	1.000000E1	5.982773E-3
5.200000E2	1.200000E1	5.887791E-3
5.200000E2	1.400000E1	5.777900E-3
5.200000E2	1.600000E1	5.654205E-3
5.200000E2	1.800000E1	5.517919E-3
5.200000E2	2.000000E1	5.370344E-3
5.200000E2	2.200000E1	5.212843E-3
5.200000E2	2.400000E1	5.046826E-3
5.200000E2	2.600000E1	4.873754E-3
5.200000E2	2.800000E1	4.695193E-3
5.200000E2	3.000000E1	4.512994E-3
5.200000E2	3.200000E1	4.329804E-3
5.200000E2	3.400000E1	4.150521E-3
5.200000E2	3.600000E1	3.987079E-3
5.200000E2	3.800000E1	3.878545E-3
5.200000E2	4.000000E1	4.036752E-3
5.200000E2	4.200000E1	5.623441E-3
5.200000E2	4.400000E1	3.880896E-3
5.200000E2	4.600000E1	3.455263E-3
5.200000E2	4.800000E1	3.304830E-3
5.200000E2	5.000000E1	3.237107E-3
5.200000E2	5.200000E1	3.197570E-3
5.200000E2	5.400000E1	3.166828E-3
5.200000E2	5.600000E1	3.136441E-3
5.200000E2	5.800000E1	3.101720E-3
5.200000E2	6.000000E1	3.059220E-3
5.200000E2	6.200000E1	3.005758E-3
5.200000E2	6.400000E1	2.937972E-3
5.200000E2	6.600000E1	2.852090E-3
5.200000E2	6.800000E1	2.743803E-3
5.200000E2	7.000000E1	2.608230E-3
5.200000E2	7.200000E1	2.440018E-3
5.200000E2	7.400000E1	2.233719E-3
5.200000E2	7.600000E1	1.984669E-3
5.200000E2	7.800000E1	1.690727E-3
5.200000E2	8.000000E1	1.355260E-3
5.220000E2	0.000000E0	7.400071E-3
5.220000E2	2.000000E0	7.389346E-3
5.220000E2	4.000000E0	7.357282E-3
5.220000E2	6.000000E0	7.304216E-3
5.220000E2	8.000000E0	7.230702E-3
5.220000E2	1.000000E1	7.137502E-3
5.220000E2	1.200000E1	7.025571E-3
5.220000E2	1.400000E1	6.896039E-3
5.220000E2	1.600000E1	6.750188E-3
5.220000E2	1.800000E1	6.589425E-3
5.220000E2	2.000000E1	6.415251E-3
5.220000E2	2.200000E1	6.229236E-3
5.220000E2	2.400000E1	6.032994E-3
5.220000E2	2.600000E1	5.828193E-3
5.220000E2	2.800000E1	5.616617E-3
5.220000E2	3.000000E1	5.400378E-3
5.220000E2	3.200000E1	5.182511E-3
5.220000E2	3.400000E1	4.968700E-3
5.220000E2	3.600000E1	4.772928E-3
5.220000E2	3.800000E1	4.641242E-3
5.220000E2	4.000000E1	4.823904E-3
5.220000E2	4.200000E1	6.634418E-3
5.220000E2	4.400000E1	4.561408E-3
5.220000E2	4.600000E1	4.077369E-3
5.220000E2	4.800000E1	3.917550E-3
5.220000E2	5.000000E1	3.852205E-3
5.220000E2	5.200000E1	3.817065E-3
5.220000E2	5.400000E1	3.789630E-3
5.220000E2	5.600000E1	3.760280E-3
5.220000E2	5.800000E1	3.723734E-3
5.220000E2	6.000000E1	3.676104E-3
5.220000E2	6.200000E1	3.613743E-3
5.220000E2	6.400000E1	3.532744E-3
5.220000E2	6.600000E1	3.428687E-3
5.220000E2	6.800000E1	3.296515E-3
5.220000E2	7.000000E1	3.130515E-3
5.220000E2	7.200000E1	2.924490E-3
5.220000E2	7.400000E1	2.672264E-3
5.220000E2	7.600000E1	2.368801E-3
5.220000E2	7.800000E1	2.012325E-3
5.220000E2	8.000000E1	1.607856E-3
5.240000E2	0.000000E0	8.702720E-3
5.240000E2	2.000000E0	8.690260E-3
5.240000E2	4.000000E0	8.653010E-3
5.240000E2	6.000000E0	8.591358E-3
5.240000E2	8.000000E0	8.505940E-3
5.240000E2	1.000000E1	8.397632E-3
5.240000E2	1.200000E1	8.267531E-3
5.240000E2	1.400000E1	8.116931E-3
5.240000E2	1.600000E1	7.947297E-3
5.240000E2	1.800000E1	7.760234E-3
5.240000E2	2.000000E1	7.557448E-3
5.240000E2	2.200000E1	7.340716E-3
5.240000E2	2.400000E1	7.111862E-3
5.240000E2	2.600000E1	6.872759E-3
5.240000E2	2.800000E1	6.625405E-3
5.240000E2	3.000000E1	6.372167E-3
5.240000E2	3.200000E1	6.116473E-3
5.240000E2	3.400000E1	5.864816E-3
5.240000E2	3.600000E1	5.633329E-3
5.240000E2	3.800000E1	5.475484E-3
5.240000E2	4.000000E1	5.682640E-3
5.240000E2	4.200000E1	7.715730E-3
5.240000E2	4.400000E1	5.287110E-3
5.240000E2	4.600000E1	4.745609E-3
5.240000E2	4.800000E1	4.580395E-3
5.240000E2	5.000000E1	4.521385E-3
5.240000E2	5.200000E1	4.493929E-3
5.240000E2	5.400000E1	4.472295E-3
5.240000E2	5.600000E1	4.445689E-3
5.240000E2	5.800000E1	4.408257E-3
5.240000E2	6.000000E1	4.355675E-3
5.240000E2	6.200000E1	4.283828E-3
5.240000E2	6.400000E1	4.188242E-3
5.240000E2	6.600000E1	4.063818E-3
5.240000E2	6.800000E1	3.904709E-3
5.240000E2	7.000000E1	3.704338E-3
5.240000E2	7.200000E1	3.455657E-3
5.240000E2	7.400000E1	3.151798E-3
5.240000E2	7.600000E1	2.787470E-3
5.240000E2	7.800000E1	2.361503E-3
5.240000E2	8.000000E1	1.880943E-3
5.260000E2	0.000000E0	1.009097E-2
5.260000E2	2.000000E0	1.007669E-2
5.260000E2	4.000000E0	1.003402E-2
5.260000E2	6.000000E0	9.963393E-3
5.260000E2	8.000000E0	9.865526E-3
5.260000E2	1.000000E1	9.741411E-3
5.260000E2	1.200000E1	9.592288E-3
5.260000E2	1.400000E1	9.419618E-3
5.260000E2	1.600000E1	9.225050E-3
5.260000E2	1.800000E1	9.010384E-3
5.260000E2	2.000000E1	8.777531E-3
5.260000E2	2.200000E1	8.528472E-3
5.260000E2	2.400000E1	8.265232E-3
5.260000E2	2.600000E1	7.989881E-3
5.260000E2	2.800000E1	7.704621E-3
5.260000E2	3.000000E1	7.412061E-3
5.260000E2	3.200000E1	7.116008E-3
5.260000E2	3.400000E1	6.823758E-3
5.260000E2	3.600000E1	6.553637E-3
5.260000E2	3.800000E1	6.366790E-3
5.260000E2	4.000000E1	6.597270E-3
5.260000E2	4.200000E1	8.844976E-3
5.260000E2	4.400000E1	6.042405E-3
5.260000E2	4.600000E1	5.446491E-3
5.260000E2	4.800000E1	5.280852E-3
5.260000E2	5.000000E1	5.232715E-3
5.260000E2	5.200000E1	5.216633E-3
5.260000E2	5.400000E1	5.203604E-3
5.260000E2	5.600000E1	5.181693E-3
5.260000E2	5.800000E1	5.144523E-3
5.260000E2	6.000000E1	5.087358E-3
5.260000E2	6.200000E1	5.005625E-3
5.260000E2	6.400000E1	4.894279E-3
5.260000E2	6.600000E1	4.747524E-3
5.260000E2	6.800000E1	4.558708E-3
5.260000E2	7.000000E1	4.320389E-3
5.260000E2	7.200000E1	4.024683E-3
5.260000E2	7.400000E1	3.664111E-3
5.260000E2	7.600000E1	3.233279E-3
5.260000E2	7.800000E1	2.731881E-3
5.260000E2	8.000000E1	2.169363E-3
5.280000E2	0.000000E0	1.153618E-2
5.280000E2	2.000000E0	1.152005E-2
5.280000E2	4.000000E0	1.147185E-2
5.280000E2	6.000000E0	1.139206E-2
5.280000E2	8.000000E0	1.128149E-2
5.280000E2	1.000000E1	1.114123E-2
5.280000E2	1.200000E1	1.097267E-2
5.280000E2	1.400000E1	1.077743E-2
5.280000E2	1.600000E1	1.055734E-2
5.280000E2	1.800000E1	1.031439E-2
5.280000E2	2.000000E1	1.005068E-2
5.280000E2	2.200000E1	9.768385E-3
5.280000E2	2.400000E1	9.469725E-3
5.280000E2	2.600000E1	9.156947E-3
5.280000E2	2.800000E1	8.832436E-3
5.280000E2	3.000000E1	8.499020E-3
5.280000E2	3.200000E1	8.160854E-3
5.280000E2	3.400000E1	7.826010E-3
5.280000E2	3.600000E1	7.514981E-3
5.280000E2	3.800000E1	7.296623E-3
5.280000E2	4.000000E1	7.548192E-3
5.280000E2	4.200000E1	9.994437E-3
5.280000E2	4.400000E1	6.808897E-3
5.280000E2	4.600000E1	6.163881E-3
5.280000E2	4.800000E1	6.003614E-3
5.280000E2	5.000000E1	5.971286E-3
5.280000E2	5.200000E1	5.970503E-3
5.280000E2	5.400000E1	5.969051E-3
5.280000E2	5.600000E1	5.953939E-3
5.280000E2	5.800000E1	5.918324E-3
5.280000E2	6.000000E1	5.857110E-3
5.280000E2	6.200000E1	5.765287E-3
5.280000E2	6.400000E1	5.637254E-3
5.280000E2	6.600000E1	5.466526E-3
5.280000E2	6.800000E1	5.245653E-3
5.280000E2	7.000000E1	4.966352E-3
5.280000E2	7.200000E1	4.619967E-3
5.280000E2	7.400000E1	4.198514E-3
5.280000E2	7.600000E1	3.696689E-3
5.280000E2	7.800000E1	3.115320E-3
5.280000E2	8.000000E1	2.466609E-3
5.300000E2	0.000000E0	1.300235E-2
5.300000E2	2.000000E0	1.298440E-2
5.300000E2	4.000000E0	1.293070E-2
5.300000E2	6.000000E0	1.284181E-2
5.300000E2	8.000000E0	1.271861E-2
5.300000E2	1.000000E1	1.256230E-2
5.300000E2	1.200000E1	1.237440E-2
5.300000E2	1.400000E1	1.215669E-2
5.300000E2	1.600000E1	1.191115E-2
5.300000E2	1.800000E1	1.163997E-2
5.300000E2	2.000000E1	1.134541E-2
5.300000E2	2.200000E1	1.102983E-2
5.300000E2	2.400000E1	1.069561E-2
5.300000E2	2.600000E1	1.034516E-2
5.300000E2	2.800000E1	9.981019E-3
5.300000E2	3.000000E1	9.606196E-3
5.300000E2	3.200000E1	9.225157E-3
5.300000E2	3.400000E1	8.846685E-3
5.300000E2	3.600000E1	8.493346E-3
5.300000E2	3.800000E1	8.241519E-3
5.300000E2	4.000000E1	8.510966E-3
5.300000E2	4.200000E1	1.113121E-2
5.300000E2	4.400000E1	7.565169E-3
5.300000E2	4.600000E1	6.878591E-3
5.300000E2	4.800000E1	6.730038E-3
5.300000E2	5.000000E1	6.718555E-3
5.300000E2	5.200000E1	6.736981E-3
5.300000E2	5.400000E1	6.750057E-3
5.300000E2	5.600000E1	6.743855E-3
5.300000E2	5.800000E1	6.711158E-3
5.300000E2	6.000000E1	6.646564E-3
5.300000E2	6.200000E1	6.544671E-3
5.300000E2	6.400000E1	6.399355E-3
5.300000E2	6.600000E1	6.203470E-3
5.300000E2	6.800000E1	5.948812E-3
5.300000E2	7.000000E1	5.626313E-3
5.300000E2	7.200000E1	5.226639E-3
5.300000E2	7.400000E1	4.741450E-3
5.300000E2	7.600000E1	4.165740E-3
5.300000E2	7.800000E1	3.501752E-3
5.300000E2	8.000000E1	2.764743E-3
5.320000E2	0.000000E0	1.444771E-2
5.320000E2	2.000000E0	1.442799E-2
5.320000E2	4.000000E0	1.436901E-2
5.320000E2	6.000000E0	1.427135E-2
5.320000E2	8.000000E0	1.413598E-2
5.320000E2	1.000000E1	1.396420E-2
5.320000E2	1.200000E1	1.375765E-2
5.320000E2	1.400000E1	1.351823E-2
5.320000E2	1.600000E1	1.324809E-2
5.320000E2	1.800000E1	1.294956E-2
5.320000E2	2.000000E1	1.262506E-2
5.320000E2	2.200000E1	1.227712E-2
5.320000E2	2.400000E1	1.190823E-2
5.320000E2	2.600000E1	1.152094E-2
5.320000E2	2.800000E1	1.111790E-2
5.320000E2	3.000000E1	1.070228E-2
5.320000E2	3.200000E1	1.027877E-2
5.320000E2	3.400000E1	9.856781E-3
5.320000E2	3.600000E1	9.460789E-3
5.320000E2	3.800000E1	9.174232E-3
5.320000E2	4.000000E1	9.457217E-3
5.320000E2	4.200000E1	1.221962E-2
5.320000E2	4.400000E1	8.287456E-3
5.320000E2	4.600000E1	7.568910E-3
5.320000E2	4.800000E1	7.438726E-3
5.320000E2	5.000000E1	7.453025E-3
5.320000E2	5.200000E1	7.494402E-3
5.320000E2	5.400000E1	7.524821E-3
5.320000E2	5.600000E1	7.529581E-3
5.320000E2	5.800000E1	7.501194E-3
5.320000E2	6.000000E1	7.434032E-3
5.320000E2	6.200000E1	7.322361E-3
5.320000E2	6.400000E1	7.159583E-3
5.320000E2	6.600000E1	6.937955E-3
5.320000E2	6.800000E1	6.648580E-3
5.320000E2	7.000000E1	6.281705E-3
5.320000E2	7.200000E1	5.827447E-3
5.320000E2	7.400000E1	5.277288E-3
5.320000E2	7.600000E1	4.626750E-3
5.320000E2	7.800000E1	3.879747E-3
5.320000E2	8.000000E1	3.054826E-3
5.340000E2	0.000000E0	1.583250E-2
5.340000E2	2.000000E0	1.581112E-2
5.340000E2	4.000000E0	1.574721E-2
5.340000E2	6.000000E0	1.564137E-2
5.340000E2	8.000000E0	1.549463E-2
5.340000E2	1.000000E1	1.530839E-2
5.340000E2	1.200000E1	1.508438E-2
5.340000E2	1.400000E1	1.482463E-2
5.340000E2	1.600000E1	1.453140E-2
5.340000E2	1.800000E1	1.420716E-2
5.340000E2	2.000000E1	1.385446E-2
5.340000E2	2.200000E1	1.347594E-2
5.340000E2	2.400000E1	1.307422E-2
5.340000E2	2.600000E1	1.265191E-2
5.340000E2	2.800000E1	1.221176E-2
5.340000E2	3.000000E1	1.175701E-2
5.340000E2	3.200000E1	1.129254E-2
5.340000E2	3.400000E1	1.082828E-2
5.340000E2	3.600000E1	1.039036E-2
5.340000E2	3.800000E1	1.006859E-2
5.340000E2	4.000000E1	1.035999E-2
5.340000E2	4.200000E1	1.322840E-2
5.340000E2	4.400000E1	8.955078E-3
5.340000E2	4.600000E1	8.215381E-3
5.340000E2	4.800000E1	8.109959E-3
5.340000E2	5.000000E1	8.154443E-3
5.340000E2	5.200000E1	8.222008E-3
5.340000E2	5.400000E1	8.272195E-3
5.340000E2	5.600000E1	8.289717E-3
5.340000E2	5.800000E1	8.266934E-3
5.340000E2	6.000000E1	8.198076E-3
5.340000E2	6.200000E1	8.077151E-3
5.340000E2	6.400000E1	7.897159E-3
5.340000E2	6.600000E1	7.649833E-3
5.340000E2	6.800000E1	7.325685E-3
5.340000E2	7.000000E1	6.914393E-3
5.340000E2	7.200000E1	6.405684E-3
5.340000E2	7.400000E1	5.791056E-3
5.340000E2	7.600000E1	5.066782E-3
5.340000E2	7.800000E1	4.238666E-3
5.340000E2	8.000000E1	3.328682E-3
5.360000E2	0.000000E0	1.710718E-2
5.360000E2	2.000000E0	1.708434E-2
5.360000E2	4.000000E0	1.701602E-2
5.360000E2	6.000000E0	1.690289E-2
5.360000E2	8.000000E0	1.674601E-2
5.360000E2	1.000000E1	1.654684E-2
5.360000E2	1.200000E1	1.630721E-2
5.360000E2	1.400000E1	1.602923E-2
5.360000E2	1.600000E1	1.571527E-2
5.360000E2	1.800000E1	1.536789E-2
5.360000E2	2.000000E1	1.498975E-2
5.360000E2	2.200000E1	1.458356E-2
5.360000E2	2.400000E1	1.415200E-2
5.360000E2	2.600000E1	1.369774E-2
5.360000E2	2.800000E1	1.322356E-2
5.360000E2	3.000000E1	1.273273E-2
5.360000E2	3.200000E1	1.223023E-2
5.360000E2	3.400000E1	1.172637E-2
5.360000E2	3.600000E1	1.124862E-2
5.360000E2	3.800000E1	1.089223E-2
5.360000E2	4.000000E1	1.118619E-2
5.360000E2	4.200000E1	1.411910E-2
5.360000E2	4.400000E1	9.542675E-3
5.360000E2	4.600000E1	8.794007E-3
5.360000E2	4.800000E1	8.719287E-3
5.360000E2	5.000000E1	8.797608E-3
5.360000E2	5.200000E1	8.893902E-3
5.360000E2	5.400000E1	8.965747E-3
5.360000E2	5.600000E1	8.997487E-3
5.360000E2	5.800000E1	8.981462E-3
5.360000E2	6.000000E1	8.911854E-3
5.360000E2	6.200000E1	8.782501E-3
5.360000E2	6.400000E1	8.586091E-3
5.360000E2	6.600000E1	8.313934E-3
5.360000E2	6.800000E1	7.956077E-3
5.360000E2	7.000000E1	7.501781E-3
5.360000E2	7.200000E1	6.940564E-3
5.360000E2	7.400000E1	6.264151E-3
5.360000E2	7.600000E1	5.469778E-3
5.360000E2	7.800000E1	4.565304E-3
5.360000E2	8.000000E1	3.576157E-3
5.380000E2	0.000000E0	1.824662E-2
5.380000E2	2.000000E0	1.822251E-2
5.380000E2	4.000000E0	1.815040E-2
5.380000E2	6.000000E0	1.803097E-2
5.380000E2	8.000000E0	1.786534E-2
5.380000E2	1.000000E1	1.765501E-2
5.380000E2	1.200000E1	1.740186E-2
5.380000E2	1.400000E1	1.710809E-2
5.380000E2	1.600000E1	1.677612E-2
5.380000E2	1.800000E1	1.640859E-2
5.380000E2	2.000000E1	1.600820E-2
5.380000E2	2.200000E1	1.557772E-2
5.380000E2	2.400000E1	1.511987E-2
5.380000E2	2.600000E1	1.463731E-2
5.380000E2	2.800000E1	1.413281E-2
5.380000E2	3.000000E1	1.360961E-2
5.380000E2	3.200000E1	1.307275E-2
5.380000E2	3.400000E1	1.253272E-2
5.380000E2	3.600000E1	1.201802E-2
5.380000E2	3.800000E1	1.162830E-2
5.380000E2	4.000000E1	1.191903E-2
5.380000E2	4.200000E1	1.487575E-2
5.380000E2	4.400000E1	1.004014E-2
5.380000E2	4.600000E1	9.294349E-3
5.380000E2	4.800000E1	9.255231E-3
5.380000E2	5.000000E1	9.370021E-3
5.380000E2	5.200000E1	9.496739E-3
5.380000E2	5.400000E1	9.591481E-3
5.380000E2	5.600000E1	9.638443E-3
5.380000E2	5.800000E1	9.630066E-3
5.380000E2	6.000000E1	9.560581E-3
5.380000E2	6.200000E1	9.423740E-3
5.380000E2	6.400000E1	9.212016E-3
5.380000E2	6.600000E1	8.916411E-3
5.380000E2	6.800000E1	8.526636E-3
5.380000E2	7.000000E1	8.031697E-3
5.380000E2	7.200000E1	7.421089E-3
5.380000E2	7.400000E1	6.686958E-3
5.380000E2	7.600000E1	5.827684E-3
5.380000E2	7.800000E1	4.853282E-3
5.380000E2	8.000000E1	3.792556E-3
5.400000E2	0.000000E0	1.923004E-2
5.400000E2	2.000000E0	1.920489E-2
5.400000E2	4.000000E0	1.912966E-2
5.400000E2	6.000000E0	1.900505E-2
5.400000E2	8.000000E0	1.883219E-2
5.400000E2	1.000000E1	1.861264E-2
5.400000E2	1.200000E1	1.834830E-2
5.400000E2	1.400000E1	1.804140E-2
5.400000E2	1.600000E1	1.769444E-2
5.400000E2	1.800000E1	1.731005E-2
5.400000E2	2.000000E1	1.689099E-2
5.400000E2	2.200000E1	1.644001E-2
5.400000E2	2.400000E1	1.595983E-2
5.400000E2	2.600000E1	1.545309E-2
5.400000E2	2.800000E1	1.492249E-2
5.400000E2	3.000000E1	1.437122E-2
5.400000E2	3.200000E1	1.380422E-2
5.400000E2	3.400000E1	1.323210E-2
5.400000E2	3.600000E1	1.268404E-2
5.400000E2	3.800000E1	1.226294E-2
5.400000E2	4.000000E1	1.254499E-2
5.400000E2	4.200000E1	1.548429E-2
5.400000E2	4.400000E1	1.043946E-2
5.400000E2	4.600000E1	9.708085E-3
5.400000E2	4.800000E1	9.708511E-3
5.400000E2	5.000000E1	9.861462E-3
5.400000E2	5.200000E1	1.001952E-2
5.400000E2	5.400000E1	1.013779E-2
5.400000E2	5.600000E1	1.020055E-2
5.400000E2	5.800000E1	1.020045E-2
5.400000E2	6.000000E1	1.013186E-2
5.400000E2	6.200000E1	9.988538E-3
5.400000E2	6.400000E1	9.762839E-3
5.400000E2	6.600000E1	9.445576E-3
5.400000E2	6.800000E1	9.026266E-3
5.400000E2	7.000000E1	8.493825E-3
5.400000E2	7.200000E1	7.837908E-3
5.400000E2	7.400000E1	7.051274E-3
5.400000E2	7.600000E1	6.133595E-3
5.400000E2	7.800000E1	5.097092E-3
5.400000E2	8.000000E1	3.973795E-3
5.420000E2	0.000000E0	2.002523E-2
5.420000E2	2.000000E0	1.999929E-2
5.420000E2	4.000000E0	1.992171E-2
5.420000E2	6.000000E0	1.979319E-2
5.420000E2	8.000000E0	1.961488E-2
5.420000E2	1.000000E1	1.938834E-2
5.420000E2	1.200000E1	1.911549E-2
5.420000E2	1.400000E1	1.879859E-2
5.420000E2	1.600000E1	1.844012E-2
5.420000E2	1.800000E1	1.804273E-2
5.420000E2	2.000000E1	1.760916E-2
5.420000E2	2.200000E1	1.714214E-2
5.420000E2	2.400000E1	1.664433E-2
5.420000E2	2.600000E1	1.611832E-2
5.420000E2	2.800000E1	1.556670E-2
5.420000E2	3.000000E1	1.499252E-2
5.420000E2	3.200000E1	1.440062E-2
5.420000E2	3.400000E1	1.380153E-2
5.420000E2	3.600000E1	1.322471E-2
5.420000E2	3.800000E1	1.277511E-2
5.420000E2	4.000000E1	1.304278E-2
5.420000E2	4.200000E1	1.592818E-2
5.420000E2	4.400000E1	1.072783E-2
5.420000E2	4.600000E1	1.002156E-2
5.420000E2	4.800000E1	1.006411E-2
5.420000E2	5.000000E1	1.025566E-2
5.420000E2	5.200000E1	1.044496E-2
5.420000E2	5.400000E1	1.058666E-2
5.420000E2	5.600000E1	1.066529E-2
5.420000E2	5.800000E1	1.067385E-2
5.420000E2	6.000000E1	1.060693E-2
5.420000E2	6.200000E1	1.045838E-2
5.420000E2	6.400000E1	1.022054E-2
5.420000E2	6.600000E1	9.884161E-3
5.420000E2	6.800000E1	9.438716E-3
5.420000E2	7.000000E1	8.873198E-3
5.420000E2	7.200000E1	8.177604E-3
5.420000E2	7.400000E1	7.345462E-3
5.420000E2	7.600000E1	6.377840E-3
5.420000E2	7.800000E1	5.289128E-3
5.420000E2	8.000000E1	4.114310E-3
5.440000E2	0.000000E0	2.063645E-2
5.440000E2	2.000000E0	2.060997E-2
5.440000E2	4.000000E0	2.053077E-2
5.440000E2	6.000000E0	2.039954E-2
5.440000E2	8.000000E0	2.021744E-2
5.440000E2	1.000000E1	1.998603E-2
5.440000E2	1.200000E1	1.970721E-2
5.440000E2	1.400000E1	1.938324E-2
5.440000E2	1.600000E1	1.901657E-2
5.440000E2	1.800000E1	1.860984E-2
5.440000E2	2.000000E1	1.816572E-2
5.440000E2	2.200000E1	1.768691E-2
5.440000E2	2.400000E1	1.717599E-2
5.440000E2	2.600000E1	1.663542E-2
5.440000E2	2.800000E1	1.606768E-2
5.440000E2	3.000000E1	1.547565E-2
5.440000E2	3.200000E1	1.486397E-2
5.440000E2	3.400000E1	1.424298E-2
5.440000E2	3.600000E1	1.364212E-2
5.440000E2	3.800000E1	1.316723E-2
5.440000E2	4.000000E1	1.341619E-2
5.440000E2	4.200000E1	1.621378E-2
5.440000E2	4.400000E1	1.091198E-2
5.440000E2	4.600000E1	1.023996E-2
5.440000E2	4.800000E1	1.032590E-2
5.440000E2	5.000000E1	1.055548E-2
5.440000E2	5.200000E1	1.077511E-2
5.440000E2	5.400000E1	1.093948E-2
5.440000E2	5.600000E1	1.103359E-2
5.440000E2	5.800000E1	1.105084E-2
5.440000E2	6.000000E1	1.098613E-2
5.440000E2	6.200000E1	1.083347E-2
5.440000E2	6.400000E1	1.058530E-2
5.440000E2	6.600000E1	1.023240E-2
5.440000E2	6.800000E1	9.764348E-3
5.440000E2	7.000000E1	9.170367E-3
5.440000E2	7.200000E1	8.440946E-3
5.440000E2	7.400000E1	7.570517E-3
5.440000E2	7.600000E1	6.561603E-3
5.440000E2	7.800000E1	5.430676E-3
5.440000E2	8.000000E1	4.215358E-3
5.460000E2	0.000000E0	2.104979E-2
5.460000E2	2.000000E0	2.102302E-2
5.460000E2	4.000000E0	2.094295E-2
5.460000E2	6.000000E0	2.081028E-2
5.460000E2	8.000000E0	2.062612E-2
5.460000E2	1.000000E1	2.039203E-2
5.460000E2	1.200000E1	2.010991E-2
5.460000E2	1.400000E1	1.978193E-2
5.460000E2	1.600000E1	1.941054E-2
5.460000E2	1.800000E1	1.899830E-2
5.460000E2	2.000000E1	1.854784E-2
5.460000E2	2.200000E1	1.806174E-2
5.460000E2	2.400000E1	1.754247E-2
5.460000E2	2.600000E1	1.699239E-2
5.460000E2	2.800000E1	1.641380E-2
5.460000E2	3.000000E1	1.580938E-2
5.460000E2	3.200000E1	1.518353E-2
5.460000E2	3.400000E1	1.454627E-2
5.460000E2	3.600000E1	1.392666E-2
5.460000E2	3.800000E1	1.343031E-2
5.460000E2	4.000000E1	1.365654E-2
5.460000E2	4.200000E1	1.634001E-2
5.460000E2	4.400000E1	1.098948E-2
5.460000E2	4.600000E1	1.035913E-2
5.460000E2	4.800000E1	1.048826E-2
5.460000E2	5.000000E1	1.075406E-2
5.460000E2	5.200000E1	1.100218E-2
5.460000E2	5.400000E1	1.118780E-2
5.460000E2	5.600000E1	1.129651E-2
5.460000E2	5.800000E1	1.132223E-2
5.460000E2	6.000000E1	1.126021E-2
5.460000E2	6.200000E1	1.110470E-2
5.460000E2	6.400000E1	1.084831E-2
5.460000E2	6.600000E1	1.048199E-2
5.460000E2	6.800000E1	9.995527E-3
5.460000E2	7.000000E1	9.378525E-3
5.460000E2	7.200000E1	8.622094E-3
5.460000E2	7.400000E1	7.721660E-3
5.460000E2	7.600000E1	6.681200E-3
5.460000E2	7.800000E1	5.519114E-3
5.460000E2	8.000000E1	4.275255E-3
5.480000E2	0.000000E0	2.127953E-2
5.480000E2	2.000000E0	2.125271E-2
5.480000E2	4.000000E0	2.117245E-2
5.480000E2	6.000000E0	2.103946E-2
5.480000E2	8.000000E0	2.085482E-2
5.480000E2	1.000000E1	2.062005E-2
5.480000E2	1.200000E1	2.033701E-2
5.480000E2	1.400000E1	2.000783E-2
5.480000E2	1.600000E1	1.963487E-2
5.480000E2	1.800000E1	1.922063E-2
5.480000E2	2.000000E1	1.876762E-2
5.480000E2	2.200000E1	1.827833E-2
5.480000E2	2.400000E1	1.775511E-2
5.480000E2	2.600000E1	1.720015E-2
5.480000E2	2.800000E1	1.661557E-2
5.480000E2	3.000000E1	1.600383E-2
5.480000E2	3.200000E1	1.536903E-2
5.480000E2	3.400000E1	1.472078E-2
5.480000E2	3.600000E1	1.408749E-2
5.480000E2	3.800000E1	1.357357E-2
5.480000E2	4.000000E1	1.377427E-2
5.480000E2	4.200000E1	1.632003E-2
5.480000E2	4.400000E1	1.097092E-2
5.480000E2	4.600000E1	1.038822E-2
5.480000E2	4.800000E1	1.055948E-2
5.480000E2	5.000000E1	1.085916E-2
5.480000E2	5.200000E1	1.113351E-2
5.480000E2	5.400000E1	1.133861E-2
5.480000E2	5.600000E1	1.146081E-2
5.480000E2	5.800000E1	1.149457E-2
5.480000E2	6.000000E1	1.143554E-2
5.480000E2	6.200000E1	1.127829E-2
5.480000E2	6.400000E1	1.101565E-2
5.480000E2	6.600000E1	1.063886E-2
5.480000E2	6.800000E1	1.013803E-2
5.480000E2	7.000000E1	9.503250E-3
5.480000E2	7.200000E1	8.726364E-3
5.480000E2	7.400000E1	7.803857E-3
5.480000E2	7.600000E1	6.741138E-3
5.480000E2	7.800000E1	5.558352E-3
5.480000E2	8.000000E1	4.297184E-3
5.500000E2	0.000000E0	2.135008E-2
5.500000E2	2.000000E0	2.132339E-2
5.500000E2	4.000000E0	2.124353E-2
5.500000E2	6.000000E0	2.111116E-2
5.500000E2	8.000000E0	2.092736E-2
5.500000E2	1.000000E1	2.069360E-2
5.500000E2	1.200000E1	2.041166E-2
5.500000E2	1.400000E1	2.008363E-2
5.500000E2	1.600000E1	1.971177E-2
5.500000E2	1.800000E1	1.929848E-2
5.500000E2	2.000000E1	1.884618E-2
5.500000E2	2.200000E1	1.835721E-2
5.500000E2	2.400000E1	1.783378E-2
5.500000E2	2.600000E1	1.727791E-2
5.500000E2	2.800000E1	1.669154E-2
5.500000E2	3.000000E1	1.607688E-2
5.500000E2	3.200000E1	1.543769E-2
5.500000E2	3.400000E1	1.478311E-2
5.500000E2	3.600000E1	1.414068E-2
5.500000E2	3.800000E1	1.361275E-2
5.500000E2	4.000000E1	1.378591E-2
5.500000E2	4.200000E1	1.617981E-2
5.500000E2	4.400000E1	1.087260E-2
5.500000E2	4.600000E1	1.034121E-2
5.500000E2	4.800000E1	1.055267E-2
5.500000E2	5.000000E1	1.088341E-2
5.500000E2	5.200000E1	1.118146E-2
5.500000E2	5.400000E1	1.140410E-2
5.500000E2	5.600000E1	1.153851E-2
5.500000E2	5.800000E1	1.157975E-2
5.500000E2	6.000000E1	1.152390E-2
5.500000E2	6.200000E1	1.136586E-2
5.500000E2	6.400000E1	1.109879E-2
5.500000E2	6.600000E1	1.071425E-2
5.500000E2	6.800000E1	1.020280E-2
5.500000E2	7.000000E1	9.555077E-3
5.500000E2	7.200000E1	8.763752E-3
5.500000E2	7.400000E1	7.826389E-3
5.500000E2	7.600000E1	6.749766E-3
5.500000E2	7.800000E1	5.555573E-3
5.500000E2	8.000000E1	4.286937E-3
5.520000E2	0.000000E0	2.127781E-2
5.520000E2	2.000000E0	2.125141E-2
5.520000E2	4.000000E0	2.117244E-2
5.520000E2	6.000000E0	2.104152E-2
5.520000E2	8.000000E0	2.085971E-2
5.520000E2	1.000000E1	2.062840E-2
5.520000E2	1.200000E1	2.034933E-2
5.520000E2	1.400000E1	2.002449E-2
5.520000E2	1.600000E1	1.965606E-2
5.520000E2	1.800000E1	1.924631E-2
5.520000E2	2.000000E1	1.879755E-2
5.520000E2	2.200000E1	1.831198E-2
5.520000E2	2.400000E1	1.779166E-2
5.520000E2	2.600000E1	1.723842E-2
5.520000E2	2.800000E1	1.665401E-2
5.520000E2	3.000000E1	1.604038E-2
5.520000E2	3.200000E1	1.540096E-2
5.520000E2	3.400000E1	1.474433E-2
5.520000E2	3.600000E1	1.409701E-2
5.520000E2	3.800000E1	1.355863E-2
5.520000E2	4.000000E1	1.370337E-2
5.520000E2	4.200000E1	1.593506E-2
5.520000E2	4.400000E1	1.070611E-2
5.520000E2	4.600000E1	1.022819E-2
5.520000E2	4.800000E1	1.047710E-2
5.520000E2	5.000000E1	1.083560E-2
5.520000E2	5.200000E1	1.115444E-2
5.520000E2	5.400000E1	1.139239E-2
5.520000E2	5.600000E1	1.153752E-2
5.520000E2	5.800000E1	1.158549E-2
5.520000E2	6.000000E1	1.153284E-2
5.520000E2	6.200000E1	1.137483E-2
5.520000E2	6.400000E1	1.110500E-2
5.520000E2	6.600000E1	1.071530E-2
5.520000E2	6.800000E1	1.019677E-2
5.520000E2	7.000000E1	9.540721E-3
5.520000E2	7.200000E1	8.740650E-3
5.520000E2	7.400000E1	7.795212E-3
5.520000E2	7.600000E1	6.712465E-3
5.520000E2	7.800000E1	5.515425E-3
5.520000E2	8.000000E1	4.248271E-3
5.540000E2	0.000000E0	2.110492E-2
5.540000E2	2.000000E0	2.107893E-2
5.540000E2	4.000000E0	2.100117E-2
5.540000E2	6.000000E0	2.087226E-2
5.540000E2	8.000000E0	2.069319E-2
5.540000E2	1.000000E1	2.046531E-2
5.540000E2	1.200000E1	2.019029E-2
5.540000E2	1.400000E1	1.987002E-2
5.540000E2	1.600000E1	1.950657E-2
5.540000E2	1.800000E1	1.910212E-2
5.540000E2	2.000000E1	1.865883E-2
5.540000E2	2.200000E1	1.817877E-2
5.540000E2	2.400000E1	1.766382E-2
5.540000E2	2.600000E1	1.711567E-2
5.540000E2	2.800000E1	1.653583E-2
5.540000E2	3.000000E1	1.592601E-2
5.540000E2	3.200000E1	1.528929E-2
5.540000E2	3.400000E1	1.463370E-2
5.540000E2	3.600000E1	1.398460E-2
5.540000E2	3.800000E1	1.343850E-2
5.540000E2	4.000000E1	1.355464E-2
5.540000E2	4.200000E1	1.562234E-2
5.540000E2	4.400000E1	1.049502E-2
5.540000E2	4.600000E1	1.007068E-2
5.540000E2	4.800000E1	1.035414E-2
5.540000E2	5.000000E1	1.073730E-2
5.540000E2	5.200000E1	1.107432E-2
5.540000E2	5.400000E1	1.132558E-2
5.540000E2	5.600000E1	1.148006E-2
5.540000E2	5.800000E1	1.153403E-2
5.540000E2	6.000000E1	1.148448E-2
5.540000E2	6.200000E1	1.132707E-2
5.540000E2	6.400000E1	1.105573E-2
5.540000E2	6.600000E1	1.066284E-2
5.540000E2	6.800000E1	1.013997E-2
5.540000E2	7.000000E1	9.479110E-3
5.540000E2	7.200000E1	8.674629E-3
5.540000E2	7.400000E1	7.726229E-3
5.540000E2	7.600000E1	6.643147E-3
5.540000E2	7.800000E1	5.449526E-3
5.540000E2	8.000000E1	4.190280E-3
5.560000E2	0.000000E0	2.085605E-2
5.560000E2	2.000000E0	2.083055E-2
5.560000E2	4.000000E0	2.075424E-2
5.560000E2	6.000000E0	2.062773E-2
5.560000E2	8.000000E0	2.045195E-2
5.560000E2	1.000000E1	2.022821E-2
5.560000E2	1.200000E1	1.995807E-2
5.560000E2	1.400000E1	1.964336E-2
5.560000E2	1.600000E1	1.928604E-2
5.560000E2	1.800000E1	1.888816E-2
5.560000E2	2.000000E1	1.845175E-2
5.560000E2	2.200000E1	1.797873E-2
5.560000E2	2.400000E1	1.747084E-2
5.560000E2	2.600000E1	1.692958E-2
5.560000E2	2.800000E1	1.635626E-2
5.560000E2	3.000000E1	1.575236E-2
5.560000E2	3.200000E1	1.512059E-2
5.560000E2	3.400000E1	1.446841E-2
5.560000E2	3.600000E1	1.381997E-2
5.560000E2	3.800000E1	1.326837E-2
5.560000E2	4.000000E1	1.335618E-2
5.560000E2	4.200000E1	1.526134E-2
5.560000E2	4.400000E1	1.025246E-2
5.560000E2	4.600000E1	9.880948E-3
5.560000E2	4.800000E1	1.019611E-2
5.560000E2	5.000000E1	1.060110E-2
5.560000E2	5.200000E1	1.095393E-2
5.560000E2	5.400000E1	1.121668E-2
5.560000E2	5.600000E1	1.137926E-2
5.560000E2	5.800000E1	1.143854E-2
5.560000E2	6.000000E1	1.139194E-2
5.560000E2	6.200000E1	1.123555E-2
5.560000E2	6.400000E1	1.096366E-2
5.560000E2	6.600000E1	1.056915E-2
5.560000E2	6.800000E1	1.004413E-2
5.560000E2	7.000000E1	9.381292E-3
5.560000E2	7.200000E1	8.575868E-3
5.560000E2	7.400000E1	7.628572E-3
5.560000E2	7.600000E1	6.549719E-3
5.560000E2	7.800000E1	5.364402E-3
5.560000E2	8.000000E1	4.118005E-3
5.580000E2	0.000000E0	2.055917E-2
5.580000E2	2.000000E0	2.053421E-2
5.580000E2	4.000000E0	2.045949E-2
5.580000E2	6.000000E0	2.033559E-2
5.580000E2	8.000000E0	2.016341E-2
5.580000E2	1.000000E1	1.994418E-2
5.580000E2	1.200000E1	1.967941E-2
5.580000E2	1.400000E1	1.937082E-2
5.580000E2	1.600000E1	1.902026E-2
5.580000E2	1.800000E1	1.862968E-2
5.580000E2	2.000000E1	1.820096E-2
5.580000E2	2.200000E1	1.773589E-2
5.580000E2	2.400000E1	1.723606E-2
5.580000E2	2.600000E1	1.670279E-2
5.580000E2	2.800000E1	1.613720E-2
5.580000E2	3.000000E1	1.554053E-2
5.580000E2	3.200000E1	1.491516E-2
5.580000E2	3.400000E1	1.426796E-2
5.580000E2	3.600000E1	1.362187E-2
5.580000E2	3.800000E1	1.306645E-2
5.580000E2	4.000000E1	1.312672E-2
5.580000E2	4.200000E1	1.487496E-2
5.580000E2	4.400000E1	9.993598E-3
5.580000E2	4.600000E1	9.673073E-3
5.580000E2	4.800000E1	1.001709E-2
5.580000E2	5.000000E1	1.044132E-2
5.580000E2	5.200000E1	1.080784E-2
5.580000E2	5.400000E1	1.108046E-2
5.580000E2	5.600000E1	1.125000E-2
5.580000E2	5.800000E1	1.131391E-2
5.580000E2	6.000000E1	1.127004E-2
5.580000E2	6.200000E1	1.111488E-2
5.580000E2	6.400000E1	1.084313E-2
5.580000E2	6.600000E1	1.044813E-2
5.580000E2	6.800000E1	9.922574E-3
5.580000E2	7.000000E1	9.259840E-3
5.580000E2	7.200000E1	8.455997E-3
5.580000E2	7.400000E1	7.512719E-3
5.580000E2	7.600000E1	6.441300E-3
5.580000E2	7.800000E1	5.267623E-3
5.580000E2	8.000000E1	4.037329E-3
5.600000E2	0.000000E0	2.023979E-2
5.600000E2	2.000000E0	2.021536E-2
5.600000E2	4.000000E0	2.014227E-2
5.600000E2	6.000000E0	2.002104E-2
5.600000E2	8.000000E0	1.985254E-2
5.600000E2	1.000000E1	1.963795E-2
5.600000E2	1.200000E1	1.937869E-2
5.600000E2	1.400000E1	1.907639E-2
5.600000E2	1.600000E1	1.873281E-2
5.600000E2	1.800000E1	1.834977E-2
5.600000E2	2.000000E1	1.792904E-2
5.600000E2	2.200000E1	1.747226E-2
5.600000E2	2.400000E1	1.698088E-2
5.600000E2	2.600000E1	1.645605E-2
5.600000E2	2.800000E1	1.589872E-2
5.600000E2	3.000000E1	1.530989E-2
5.600000E2	3.200000E1	1.469162E-2
5.600000E2	3.400000E1	1.405022E-2
5.600000E2	3.600000E1	1.340743E-2
5.600000E2	3.800000E1	1.284925E-2
5.600000E2	4.000000E1	1.288303E-2
5.600000E2	4.200000E1	1.448240E-2
5.600000E2	4.400000E1	9.731159E-3
5.600000E2	4.600000E1	9.459232E-3
5.600000E2	4.800000E1	9.829592E-3
5.600000E2	5.000000E1	1.027091E-2
5.600000E2	5.200000E1	1.064940E-2
5.600000E2	5.400000E1	1.093058E-2
5.600000E2	5.600000E1	1.110614E-2
5.600000E2	5.800000E1	1.117408E-2
5.600000E2	6.000000E1	1.113268E-2
5.600000E2	6.200000E1	1.097880E-2
5.600000E2	6.400000E1	1.070758E-2
5.600000E2	6.600000E1	1.031278E-2
5.600000E2	6.800000E1	9.787686E-3
5.600000E2	7.000000E1	9.126350E-3
5.600000E2	7.200000E1	8.325648E-3
5.600000E2	7.400000E1	7.388154E-3
5.600000E2	7.600000E1	6.326047E-3
5.600000E2	7.800000E1	5.165874E-3
5.600000E2	8.000000E1	3.953380E-3
5.620000E2	0.000000E0	1.991281E-2
5.620000E2	2.000000E0	1.988892E-2
5.620000E2	4.000000E0	1.981744E-2
5.620000E2	6.000000E0	1.969886E-2
5.620000E2	8.000000E0	1.953401E-2
5.620000E2	1.000000E1	1.932401E-2
5.620000E2	1.200000E1	1.907022E-2
5.620000E2	1.400000E1	1.877417E-2
5.620000E2	1.600000E1	1.843754E-2
5.620000E2	1.800000E1	1.806201E-2
5.620000E2	2.000000E1	1.764926E-2
5.620000E2	2.200000E1	1.720079E-2
5.620000E2	2.400000E1	1.671789E-2
5.620000E2	2.600000E1	1.620159E-2
5.620000E2	2.800000E1	1.565265E-2
5.620000E2	3.000000E1	1.507186E-2
5.620000E2	3.200000E1	1.446096E-2
5.620000E2	3.400000E1	1.382575E-2
5.620000E2	3.600000E1	1.318677E-2
5.620000E2	3.800000E1	1.262655E-2
5.620000E2	4.000000E1	1.263504E-2
5.620000E2	4.200000E1	1.409478E-2
5.620000E2	4.400000E1	9.472456E-3
5.620000E2	4.600000E1	9.246462E-3
5.620000E2	4.800000E1	9.640888E-3
5.620000E2	5.000000E1	1.009745E-2
5.620000E2	5.200000E1	1.048646E-2
5.620000E2	5.400000E1	1.077508E-2
5.620000E2	5.600000E1	1.095584E-2
5.620000E2	5.800000E1	1.102727E-2
5.620000E2	6.000000E1	1.098807E-2
5.620000E2	6.200000E1	1.083544E-2
5.620000E2	6.400000E1	1.056493E-2
5.620000E2	6.600000E1	1.017078E-2
5.620000E2	6.800000E1	9.646785E-3
5.620000E2	7.000000E1	8.987681E-3
5.620000E2	7.200000E1	8.191105E-3
5.620000E2	7.400000E1	7.260471E-3
5.620000E2	7.600000E1	6.208760E-3
5.620000E2	7.800000E1	5.063073E-3
5.620000E2	8.000000E1	3.869148E-3
5.640000E2	0.000000E0	1.959883E-2
5.640000E2	2.000000E0	1.957545E-2
5.640000E2	4.000000E0	1.950548E-2
5.640000E2	6.000000E0	1.938941E-2
5.640000E2	8.000000E0	1.922801E-2
5.640000E2	1.000000E1	1.902236E-2
5.640000E2	1.200000E1	1.877373E-2
5.640000E2	1.400000E1	1.848360E-2
5.640000E2	1.600000E1	1.815353E-2
5.640000E2	1.800000E1	1.778512E-2
5.640000E2	2.000000E1	1.737991E-2
5.640000E2	2.200000E1	1.693931E-2
5.640000E2	2.400000E1	1.646446E-2
5.640000E2	2.600000E1	1.595626E-2
5.640000E2	2.800000E1	1.541529E-2
5.640000E2	3.000000E1	1.484215E-2
5.640000E2	3.200000E1	1.423829E-2
5.640000E2	3.400000E1	1.360900E-2
5.640000E2	3.600000E1	1.297370E-2
5.640000E2	3.800000E1	1.241164E-2
5.640000E2	4.000000E1	1.239622E-2
5.640000E2	4.200000E1	1.372593E-2
5.640000E2	4.400000E1	9.227215E-3
5.640000E2	4.600000E1	9.044359E-3
5.640000E2	4.800000E1	9.461001E-3
5.640000E2	5.000000E1	9.931445E-3
5.640000E2	5.200000E1	1.032991E-2
5.640000E2	5.400000E1	1.062514E-2
5.640000E2	5.600000E1	1.081048E-2
5.640000E2	5.800000E1	1.088494E-2
5.640000E2	6.000000E1	1.084760E-2
5.640000E2	6.200000E1	1.069604E-2
5.640000E2	6.400000E1	1.042617E-2
5.640000E2	6.600000E1	1.003268E-2
5.640000E2	6.800000E1	9.509897E-3
5.640000E2	7.000000E1	8.853172E-3
5.640000E2	7.200000E1	8.060873E-3
5.640000E2	7.400000E1	7.137198E-3
5.640000E2	7.600000E1	6.095858E-3
5.640000E2	7.800000E1	4.964431E-3
5.640000E2	8.000000E1	3.788589E-3
5.660000E2	0.000000E0	1.931618E-2
5.660000E2	2.000000E0	1.929326E-2
5.660000E2	4.000000E0	1.922466E-2
5.660000E2	6.000000E0	1.911084E-2
5.660000E2	8.000000E0	1.895255E-2
5.660000E2	1.000000E1	1.875081E-2
5.660000E2	1.200000E1	1.850683E-2
5.660000E2	1.400000E1	1.822202E-2
5.660000E2	1.600000E1	1.789784E-2
5.660000E2	1.800000E1	1.753582E-2
5.660000E2	2.000000E1	1.713737E-2
5.660000E2	2.200000E1	1.670380E-2
5.660000E2	2.400000E1	1.623614E-2
5.660000E2	2.600000E1	1.573513E-2
5.660000E2	2.800000E1	1.520123E-2
5.660000E2	3.000000E1	1.463483E-2
5.660000E2	3.200000E1	1.403713E-2
5.660000E2	3.400000E1	1.341292E-2
5.660000E2	3.600000E1	1.278059E-2
5.660000E2	3.800000E1	1.221633E-2
5.660000E2	4.000000E1	1.217824E-2
5.660000E2	4.200000E1	1.338889E-2
5.660000E2	4.400000E1	9.003613E-3
5.660000E2	4.600000E1	8.861030E-3
5.660000E2	4.800000E1	9.298565E-3
5.660000E2	5.000000E1	9.782069E-3
5.660000E2	5.200000E1	1.018939E-2
5.660000E2	5.400000E1	1.049077E-2
5.660000E2	5.600000E1	1.068029E-2
5.660000E2	5.800000E1	1.075743E-2
5.660000E2	6.000000E1	1.072164E-2
5.660000E2	6.200000E1	1.057085E-2
5.660000E2	6.400000E1	1.030132E-2
5.660000E2	6.600000E1	9.908154E-3
5.660000E2	6.800000E1	9.386184E-3
5.660000E2	7.000000E1	8.731354E-3
5.660000E2	7.200000E1	7.942713E-3
5.660000E2	7.400000E1	7.025188E-3
5.660000E2	7.600000E1	5.993166E-3
5.660000E2	7.800000E1	4.874663E-3
5.660000E2	8.000000E1	3.715271E-3
5.680000E2	0.000000E0	1.907613E-2
5.680000E2	2.000000E0	1.905361E-2
5.680000E2	4.000000E0	1.898620E-2
5.680000E2	6.000000E0	1.887433E-2
5.680000E2	8.000000E0	1.871873E-2
5.680000E2	1.000000E1	1.852037E-2
5.680000E2	1.200000E1	1.828041E-2
5.680000E2	1.400000E1	1.800017E-2
5.680000E2	1.600000E1	1.768106E-2
5.680000E2	1.800000E1	1.732450E-2
5.680000E2	2.000000E1	1.693182E-2
5.680000E2	2.200000E1	1.650422E-2
5.680000E2	2.400000E1	1.604262E-2
5.680000E2	2.600000E1	1.554763E-2
5.680000E2	2.800000E1	1.501958E-2
5.680000E2	3.000000E1	1.445867E-2
5.680000E2	3.200000E1	1.386584E-2
5.680000E2	3.400000E1	1.324545E-2
5.680000E2	3.600000E1	1.261493E-2
5.680000E2	3.800000E1	1.204764E-2
5.680000E2	4.000000E1	1.198786E-2
5.680000E2	4.200000E1	1.308825E-2
5.680000E2	4.400000E1	8.805247E-3
5.680000E2	4.600000E1	8.700671E-3
5.680000E2	4.800000E1	9.158507E-3
5.680000E2	5.000000E1	9.654909E-3
5.680000E2	5.200000E1	1.007103E-2
5.680000E2	5.400000E1	1.037847E-2
5.680000E2	5.600000E1	1.057203E-2
5.680000E2	5.800000E1	1.065165E-2
5.680000E2	6.000000E1	1.061712E-2
5.680000E2	6.200000E1	1.046670E-2
5.680000E2	6.400000E1	1.019699E-2
5.680000E2	6.600000E1	9.803492E-3
5.680000E2	6.800000E1	9.281513E-3
5.680000E2	7.000000E1	8.627559E-3
5.680000E2	7.200000E1	7.841330E-3
5.680000E2	7.400000E1	6.928449E-3
5.680000E2	7.600000E1	5.903953E-3
5.680000E2	7.800000E1	4.796283E-3
5.680000E2	8.000000E1	3.650993E-3
5.700000E2	0.000000E0	1.888618E-2
5.700000E2	2.000000E0	1.886399E-2
5.700000E2	4.000000E0	1.879755E-2
5.700000E2	6.000000E0	1.868730E-2
5.700000E2	8.000000E0	1.853392E-2
5.700000E2	1.000000E1	1.833834E-2
5.700000E2	1.200000E1	1.810167E-2
5.700000E2	1.400000E1	1.782518E-2
5.700000E2	1.600000E1	1.751019E-2
5.700000E2	1.800000E1	1.715805E-2
5.700000E2	2.000000E1	1.677002E-2
5.700000E2	2.200000E1	1.634717E-2
5.700000E2	2.400000E1	1.589033E-2
5.700000E2	2.600000E1	1.540001E-2
5.700000E2	2.800000E1	1.487639E-2
5.700000E2	3.000000E1	1.431951E-2
5.700000E2	3.200000E1	1.373007E-2
5.700000E2	3.400000E1	1.311201E-2
5.700000E2	3.600000E1	1.248188E-2
5.700000E2	3.800000E1	1.191048E-2
5.700000E2	4.000000E1	1.182967E-2
5.700000E2	4.200000E1	1.283123E-2
5.700000E2	4.400000E1	8.635357E-3
5.700000E2	4.600000E1	8.566368E-3
5.700000E2	4.800000E1	9.044154E-3
5.700000E2	5.000000E1	9.553561E-3
5.700000E2	5.200000E1	9.978641E-3
5.700000E2	5.400000E1	1.029226E-2
5.700000E2	5.600000E1	1.048987E-2
5.700000E2	5.800000E1	1.057185E-2
5.700000E2	6.000000E1	1.053834E-2
5.700000E2	6.200000E1	1.038788E-2
5.700000E2	6.400000E1	1.011742E-2
5.700000E2	6.600000E1	9.722825E-3
5.700000E2	6.800000E1	9.199851E-3
5.700000E2	7.000000E1	8.545530E-3
5.700000E2	7.200000E1	7.760177E-3
5.700000E2	7.400000E1	6.850075E-3
5.700000E2	7.600000E1	5.830886E-3
5.700000E2	7.800000E1	4.731483E-3
5.700000E2	8.000000E1	3.597437E-3
5.720000E2	0.000000E0	1.872406E-2
5.720000E2	2.000000E0	1.870216E-2
5.720000E2	4.000000E0	1.863658E-2
5.720000E2	6.000000E0	1.852774E-2
5.720000E2	8.000000E0	1.837630E-2
5.720000E2	1.000000E1	1.818315E-2
5.720000E2	1.200000E1	1.794936E-2
5.720000E2	1.400000E1	1.767612E-2
5.720000E2	1.600000E1	1.736470E-2
5.720000E2	1.800000E1	1.701638E-2
5.720000E2	2.000000E1	1.663232E-2
5.720000E2	2.200000E1	1.621352E-2
5.720000E2	2.400000E1	1.576070E-2
5.720000E2	2.600000E1	1.527427E-2
5.720000E2	2.800000E1	1.475427E-2
5.720000E2	3.000000E1	1.420059E-2
5.720000E2	3.200000E1	1.361370E-2
5.720000E2	3.400000E1	1.299714E-2
5.720000E2	3.600000E1	1.236662E-2
5.720000E2	3.800000E1	1.179058E-2
5.720000E2	4.000000E1	1.168943E-2
5.720000E2	4.200000E1	1.259763E-2
5.720000E2	4.400000E1	8.482086E-3
5.720000E2	4.600000E1	8.447221E-3
5.720000E2	4.800000E1	8.944541E-3
5.720000E2	5.000000E1	9.466809E-3
5.720000E2	5.200000E1	9.900770E-3
5.720000E2	5.400000E1	1.022047E-2
5.720000E2	5.600000E1	1.042202E-2
5.720000E2	5.800000E1	1.050620E-2
5.720000E2	6.000000E1	1.047347E-2
5.720000E2	6.200000E1	1.032270E-2
5.720000E2	6.400000E1	1.005113E-2
5.720000E2	6.600000E1	9.655006E-3
5.720000E2	6.800000E1	9.130496E-3
5.720000E2	7.000000E1	8.475149E-3
5.720000E2	7.200000E1	7.689870E-3
5.720000E2	7.400000E1	6.781582E-3
5.720000E2	7.600000E1	5.766551E-3
5.720000E2	7.800000E1	4.674075E-3
5.720000E2	8.000000E1	3.549759E-3
5.740000E2	0.000000E0	1.859715E-2
5.740000E2	2.000000E0	1.857549E-2
5.740000E2	4.000000E0	1.851063E-2
5.740000E2	6.000000E0	1.840297E-2
5.740000E2	8.000000E0	1.825314E-2
5.740000E2	1.000000E1	1.806200E-2
5.740000E2	1.200000E1	1.783057E-2
5.740000E2	1.400000E1	1.756000E-2
5.740000E2	1.600000E1	1.725150E-2
5.740000E2	1.800000E1	1.690626E-2
5.740000E2	2.000000E1	1.652537E-2
5.740000E2	2.200000E1	1.610976E-2
5.740000E2	2.400000E1	1.566005E-2
5.740000E2	2.600000E1	1.517654E-2
5.740000E2	2.800000E1	1.465915E-2
5.740000E2	3.000000E1	1.410762E-2
5.740000E2	3.200000E1	1.352220E-2
5.740000E2	3.400000E1	1.290605E-2
5.740000E2	3.600000E1	1.227410E-2
5.740000E2	3.800000E1	1.169259E-2
5.740000E2	4.000000E1	1.157151E-2
5.740000E2	4.200000E1	1.239265E-2
5.740000E2	4.400000E1	8.348214E-3
5.740000E2	4.600000E1	8.346114E-3
5.740000E2	4.800000E1	8.862908E-3
5.740000E2	5.000000E1	9.398239E-3
5.740000E2	5.200000E1	9.841284E-3
5.740000E2	5.400000E1	1.016720E-2
5.740000E2	5.600000E1	1.037272E-2
5.740000E2	5.800000E1	1.045902E-2
5.740000E2	6.000000E1	1.042689E-2
5.740000E2	6.200000E1	1.027548E-2
5.740000E2	6.400000E1	1.000235E-2
5.740000E2	6.600000E1	9.604088E-3
5.740000E2	6.800000E1	9.077275E-3
5.740000E2	7.000000E1	8.419954E-3
5.740000E2	7.200000E1	7.633601E-3
5.740000E2	7.400000E1	6.725760E-3
5.740000E2	7.600000E1	5.713293E-3
5.740000E2	7.800000E1	4.625932E-3
5.740000E2	8.000000E1	3.509359E-3
5.760000E2	0.000000E0	1.848382E-2
5.760000E2	2.000000E0	1.846237E-2
5.760000E2	4.000000E0	1.839816E-2
5.760000E2	6.000000E0	1.829157E-2
5.760000E2	8.000000E0	1.814320E-2
5.760000E2	1.000000E1	1.795388E-2
5.760000E2	1.200000E1	1.772459E-2
5.760000E2	1.400000E1	1.745642E-2
5.760000E2	1.600000E1	1.715053E-2
5.760000E2	1.800000E1	1.680805E-2
5.760000E2	2.000000E1	1.642999E-2
5.760000E2	2.200000E1	1.601719E-2
5.760000E2	2.400000E1	1.557020E-2
5.760000E2	2.600000E1	1.508921E-2
5.760000E2	2.800000E1	1.457403E-2
5.760000E2	3.000000E1	1.402424E-2
5.760000E2	3.200000E1	1.343988E-2
5.760000E2	3.400000E1	1.282376E-2
5.760000E2	3.600000E1	1.219005E-2
5.760000E2	3.800000E1	1.160290E-2
5.760000E2	4.000000E1	1.146248E-2
5.760000E2	4.200000E1	1.220033E-2
5.760000E2	4.400000E1	8.223644E-3
5.760000E2	4.600000E1	8.253209E-3
5.760000E2	4.800000E1	8.788937E-3
5.760000E2	5.000000E1	9.336979E-3
5.760000E2	5.200000E1	9.788843E-3
5.760000E2	5.400000E1	1.012075E-2
5.760000E2	5.600000E1	1.033003E-2
5.760000E2	5.800000E1	1.041828E-2
5.760000E2	6.000000E1	1.038657E-2
5.760000E2	6.200000E1	1.023437E-2
5.760000E2	6.400000E1	9.959516E-3
5.760000E2	6.600000E1	9.558941E-3
5.760000E2	6.800000E1	9.029633E-3
5.760000E2	7.000000E1	8.370112E-3
5.760000E2	7.200000E1	7.582409E-3
5.760000E2	7.400000E1	6.674668E-3
5.760000E2	7.600000E1	5.664320E-3
5.760000E2	7.800000E1	4.581510E-3
5.760000E2	8.000000E1	3.471994E-3
5.780000E2	0.000000E0	1.840037E-2
5.780000E2	2.000000E0	1.837910E-2
5.780000E2	4.000000E0	1.831542E-2
5.780000E2	6.000000E0	1.820969E-2
5.780000E2	8.000000E0	1.806251E-2
5.780000E2	1.000000E1	1.787465E-2
5.780000E2	1.200000E1	1.764708E-2
5.780000E2	1.400000E1	1.738082E-2
5.780000E2	1.600000E1	1.707699E-2
5.780000E2	1.800000E1	1.673665E-2
5.780000E2	2.000000E1	1.636074E-2
5.780000E2	2.200000E1	1.595004E-2
5.780000E2	2.400000E1	1.550500E-2
5.780000E2	2.600000E1	1.502571E-2
5.780000E2	2.800000E1	1.451188E-2
5.780000E2	3.000000E1	1.396295E-2
5.780000E2	3.200000E1	1.337874E-2
5.780000E2	3.400000E1	1.276172E-2
5.780000E2	3.600000E1	1.212533E-2
5.780000E2	3.800000E1	1.153179E-2
5.780000E2	4.000000E1	1.137213E-2
5.780000E2	4.200000E1	1.203376E-2
5.780000E2	4.400000E1	8.115263E-3
5.780000E2	4.600000E1	8.175282E-3
5.780000E2	4.800000E1	8.729961E-3
5.780000E2	5.000000E1	9.290969E-3
5.780000E2	5.200000E1	9.751898E-3
5.780000E2	5.400000E1	1.008998E-2
5.780000E2	5.600000E1	1.030311E-2
5.780000E2	5.800000E1	1.039327E-2
5.780000E2	6.000000E1	1.036187E-2
5.780000E2	6.200000E1	1.020863E-2
5.780000E2	6.400000E1	9.931700E-3
5.780000E2	6.600000E1	9.528327E-3
5.780000E2	6.800000E1	8.995893E-3
5.780000E2	7.000000E1	8.333379E-3
5.780000E2	7.200000E1	7.543355E-3
5.780000E2	7.400000E1	6.634546E-3
5.780000E2	7.600000E1	5.624947E-3
5.780000E2	7.800000E1	4.545122E-3
5.780000E2	8.000000E1	3.440942E-3
5.800000E2	0.000000E0	1.831702E-2
5.800000E2	2.000000E0	1.829593E-2
5.800000E2	4.000000E0	1.823276E-2
5.800000E2	6.000000E0	1.812787E-2
5.800000E2	8.000000E0	1.798184E-2
5.800000E2	1.000000E1	1.779541E-2
5.800000E2	1.200000E1	1.756949E-2
5.800000E2	1.400000E1	1.730510E-2
5.800000E2	1.600000E1	1.700326E-2
5.800000E2	1.800000E1	1.666499E-2
5.800000E2	2.000000E1	1.629118E-2
5.800000E2	2.200000E1	1.588251E-2
5.800000E2	2.400000E1	1.543936E-2
5.800000E2	2.600000E1	1.496173E-2
5.800000E2	2.800000E1	1.444922E-2
5.800000E2	3.000000E1	1.390113E-2
5.800000E2	3.200000E1	1.331707E-2
5.800000E2	3.400000E1	1.269919E-2
5.800000E2	3.600000E1	1.206023E-2
5.800000E2	3.800000E1	1.146050E-2
5.800000E2	4.000000E1	1.128224E-2
5.800000E2	4.200000E1	1.186888E-2
5.800000E2	4.400000E1	8.009412E-3
5.800000E2	4.600000E1	8.099153E-3
5.800000E2	4.800000E1	8.672088E-3
5.800000E2	5.000000E1	9.245477E-3
5.800000E2	5.200000E1	9.714996E-3
5.800000E2	5.400000E1	1.005887E-2
5.800000E2	5.600000E1	1.027555E-2
5.800000E2	5.800000E1	1.036743E-2
5.800000E2	6.000000E1	1.033619E-2
5.800000E2	6.200000E1	1.018185E-2
5.800000E2	6.400000E1	9.902840E-3
5.800000E2	6.600000E1	9.496735E-3
5.800000E2	6.800000E1	8.961299E-3
5.800000E2	7.000000E1	8.295972E-3
5.800000E2	7.200000E1	7.503842E-3
5.800000E2	7.400000E1	6.594201E-3
5.800000E2	7.600000E1	5.585574E-3
5.800000E2	7.800000E1	4.508919E-3
5.800000E2	8.000000E1	3.410184E-3
5.820000E2	0.000000E0	1.823304E-2
5.820000E2	2.000000E0	1.821211E-2
5.820000E2	4.000000E0	1.814945E-2
5.820000E2	6.000000E0	1.804538E-2
5.820000E2	8.000000E0	1.790047E-2
5.820000E2	1.000000E1	1.771543E-2
5.820000E2	1.200000E1	1.749114E-2
5.820000E2	1.400000E1	1.722856E-2
5.820000E2	1.600000E1	1.692867E-2
5.820000E2	1.800000E1	1.659244E-2
5.820000E2	2.000000E1	1.622068E-2
5.820000E2	2.200000E1	1.581400E-2
5.820000E2	2.400000E1	1.537271E-2
5.820000E2	2.600000E1	1.489673E-2
5.820000E2	2.800000E1	1.438553E-2
5.820000E2	3.000000E1	1.383829E-2
5.820000E2	3.200000E1	1.325443E-2
5.820000E2	3.400000E1	1.263576E-2
5.820000E2	3.600000E1	1.199435E-2
5.820000E2	3.800000E1	1.138864E-2
5.820000E2	4.000000E1	1.119221E-2
5.820000E2	4.200000E1	1.170697E-2
5.820000E2	4.400000E1	7.905662E-3
5.820000E2	4.600000E1	8.024238E-3
5.820000E2	4.800000E1	8.614725E-3
5.820000E2	5.000000E1	9.199935E-3
5.820000E2	5.200000E1	9.677603E-3
5.820000E2	5.400000E1	1.002692E-2
5.820000E2	5.600000E1	1.024692E-2
5.820000E2	5.800000E1	1.034033E-2
5.820000E2	6.000000E1	1.030917E-2
5.820000E2	6.200000E1	1.015370E-2
5.820000E2	6.400000E1	9.872661E-3
5.820000E2	6.600000E1	9.463937E-3
5.820000E2	6.800000E1	8.925674E-3
5.820000E2	7.000000E1	8.257755E-3
5.820000E2	7.200000E1	7.463777E-3
5.820000E2	7.400000E1	6.553572E-3
5.820000E2	7.600000E1	5.546171E-3
5.820000E2	7.800000E1	4.472887E-3
5.820000E2	8.000000E1	3.379719E-3
5.840000E2	0.000000E0	1.814474E-2
5.840000E2	2.000000E0	1.812398E-2
5.840000E2	4.000000E0	1.806182E-2
5.840000E2	6.000000E0	1.795858E-2
5.840000E2	8.000000E0	1.781479E-2
5.840000E2	1.000000E1	1.763116E-2
5.840000E2	1.200000E1	1.740850E-2
5.840000E2	1.400000E1	1.714775E-2
5.840000E2	1.600000E1	1.684984E-2
5.840000E2	1.800000E1	1.651566E-2
5.840000E2	2.000000E1	1.614599E-2
5.840000E2	2.200000E1	1.574135E-2
5.840000E2	2.400000E1	1.530199E-2
5.840000E2	2.600000E1	1.482773E-2
5.840000E2	2.800000E1	1.431795E-2
5.840000E2	3.000000E1	1.377168E-2
5.840000E2	3.200000E1	1.318818E-2
5.840000E2	3.400000E1	1.256892E-2
5.840000E2	3.600000E1	1.192530E-2
5.840000E2	3.800000E1	1.131392E-2
5.840000E2	4.000000E1	1.109980E-2
5.840000E2	4.200000E1	1.154550E-2
5.840000E2	4.400000E1	7.802296E-3
5.840000E2	4.600000E1	7.948834E-3
5.840000E2	4.800000E1	8.556084E-3
5.840000E2	5.000000E1	9.152469E-3
5.840000E2	5.200000E1	9.637775E-3
5.840000E2	5.400000E1	9.992156E-3
5.840000E2	5.600000E1	1.021518E-2
5.840000E2	5.800000E1	1.030996E-2
5.840000E2	6.000000E1	1.027879E-2
5.840000E2	6.200000E1	1.012222E-2
5.840000E2	6.400000E1	9.839256E-3
5.840000E2	6.600000E1	9.428109E-3
5.840000E2	6.800000E1	8.887297E-3
5.840000E2	7.000000E1	8.217135E-3
5.840000E2	7.200000E1	7.421716E-3
5.840000E2	7.400000E1	6.511385E-3
5.840000E2	7.600000E1	5.505649E-3
5.840000E2	7.800000E1	4.436139E-3
5.840000E2	8.000000E1	3.348869E-3
5.860000E2	0.000000E0	1.803359E-2
5.860000E2	2.000000E0	1.801303E-2
5.860000E2	4.000000E0	1.795143E-2
5.860000E2	6.000000E0	1.784913E-2
5.860000E2	8.000000E0	1.770662E-2
5.860000E2	1.000000E1	1.752457E-2
5.860000E2	1.200000E1	1.730379E-2
5.860000E2	1.400000E1	1.704515E-2
5.860000E2	1.600000E1	1.674954E-2
5.860000E2	1.800000E1	1.641779E-2
5.860000E2	2.000000E1	1.605062E-2
5.860000E2	2.200000E1	1.564850E-2
5.860000E2	2.400000E1	1.521158E-2
5.860000E2	2.600000E1	1.473961E-2
5.860000E2	2.800000E1	1.423188E-2
5.860000E2	3.000000E1	1.368729E-2
5.860000E2	3.200000E1	1.310491E-2
5.860000E2	3.400000E1	1.248590E-2
5.860000E2	3.600000E1	1.184100E-2
5.860000E2	3.800000E1	1.122495E-2
5.860000E2	4.000000E1	1.099390E-2
5.860000E2	4.200000E1	1.137315E-2
5.860000E2	4.400000E1	7.691582E-3
5.860000E2	4.600000E1	7.864964E-3
5.860000E2	4.800000E1	8.487496E-3
5.860000E2	5.000000E1	9.093744E-3
5.860000E2	5.200000E1	9.585640E-3
5.860000E2	5.400000E1	9.944300E-3
5.860000E2	5.600000E1	1.016983E-2
5.860000E2	5.800000E1	1.026569E-2
5.860000E2	6.000000E1	1.023448E-2
5.860000E2	6.200000E1	1.007699E-2
5.860000E2	6.400000E1	9.792518E-3
5.860000E2	6.600000E1	9.379587E-3
5.860000E2	6.800000E1	8.837079E-3
5.860000E2	7.000000E1	8.165736E-3
5.860000E2	7.200000E1	7.370115E-3
5.860000E2	7.400000E1	6.461045E-3
5.860000E2	7.600000E1	5.458452E-3
5.860000E2	7.800000E1	4.394212E-3
5.860000E2	8.000000E1	3.314272E-3
5.880000E2	0.000000E0	1.788919E-2
5.880000E2	2.000000E0	1.786885E-2
5.880000E2	4.000000E0	1.780792E-2
5.880000E2	6.000000E0	1.770672E-2
5.880000E2	8.000000E0	1.756572E-2
5.880000E2	1.000000E1	1.738557E-2
5.880000E2	1.200000E1	1.716703E-2
5.880000E2	1.400000E1	1.691093E-2
5.880000E2	1.600000E1	1.661812E-2
5.880000E2	1.800000E1	1.628937E-2
5.880000E2	2.000000E1	1.592534E-2
5.880000E2	2.200000E1	1.552643E-2
5.880000E2	2.400000E1	1.509273E-2
5.880000E2	2.600000E1	1.462389E-2
5.880000E2	2.800000E1	1.411913E-2
5.880000E2	3.000000E1	1.357723E-2
5.880000E2	3.200000E1	1.299707E-2
5.880000E2	3.400000E1	1.237952E-2
5.880000E2	3.600000E1	1.173466E-2
5.880000E2	3.800000E1	1.111527E-2
5.880000E2	4.000000E1	1.086819E-2
5.880000E2	4.200000E1	1.118315E-2
5.880000E2	4.400000E1	7.568969E-3
5.880000E2	4.600000E1	7.767992E-3
5.880000E2	4.800000E1	8.403994E-3
5.880000E2	5.000000E1	9.018478E-3
5.880000E2	5.200000E1	9.515662E-3
5.880000E2	5.400000E1	9.877644E-3
5.880000E2	5.600000E1	1.010505E-2
5.880000E2	5.800000E1	1.020168E-2
5.880000E2	6.000000E1	1.017041E-2
5.880000E2	6.200000E1	1.001229E-2
5.880000E2	6.400000E1	9.726888E-3
5.880000E2	6.600000E1	9.313043E-3
5.880000E2	6.800000E1	8.769998E-3
5.880000E2	7.000000E1	8.098903E-3
5.880000E2	7.200000E1	7.304763E-3
5.880000E2	7.400000E1	6.398843E-3
5.880000E2	7.600000E1	5.401427E-3
5.880000E2	7.800000E1	4.344553E-3
5.880000E2	8.000000E1	3.273991E-3
5.900000E2	0.000000E0	1.771820E-2
5.900000E2	2.000000E0	1.769810E-2
5.900000E2	4.000000E0	1.763792E-2
5.900000E2	6.000000E0	1.753795E-2
5.900000E2	8.000000E0	1.739864E-2
5.900000E2	1.000000E1	1.722062E-2
5.900000E2	1.200000E1	1.700460E-2
5.900000E2	1.400000E1	1.675138E-2
5.900000E2	1.600000E1	1.646176E-2
5.900000E2	1.800000E1	1.613645E-2
5.900000E2	2.000000E1	1.577605E-2
5.900000E2	2.200000E1	1.538091E-2
5.900000E2	2.400000E1	1.495103E-2
5.900000E2	2.600000E1	1.448601E-2
5.900000E2	2.800000E1	1.398496E-2
5.900000E2	3.000000E1	1.344656E-2
5.900000E2	3.200000E1	1.286954E-2
5.900000E2	3.400000E1	1.225445E-2
5.900000E2	3.600000E1	1.161070E-2
5.900000E2	3.800000E1	1.098915E-2
5.900000E2	4.000000E1	1.072710E-2
5.900000E2	4.200000E1	1.097870E-2
5.900000E2	4.400000E1	7.437603E-3
5.900000E2	4.600000E1	7.661142E-3
5.900000E2	4.800000E1	8.308955E-3
5.900000E2	5.000000E1	8.930186E-3
5.900000E2	5.200000E1	9.431468E-3
5.900000E2	5.400000E1	9.795888E-3
5.900000E2	5.600000E1	1.002457E-2
5.900000E2	5.800000E1	1.012167E-2
5.900000E2	6.000000E1	1.009028E-2
5.900000E2	6.200000E1	9.931738E-3
5.900000E2	6.400000E1	9.645871E-3
5.900000E2	6.600000E1	9.231826E-3
5.900000E2	6.800000E1	8.689200E-3
5.900000E2	7.000000E1	8.019542E-3
5.900000E2	7.200000E1	7.228277E-3
5.900000E2	7.400000E1	6.327072E-3
5.900000E2	7.600000E1	5.336511E-3
5.900000E2	7.800000E1	4.288717E-3
5.900000E2	8.000000E1	3.229192E-3
5.920000E2	0.000000E0	1.750478E-2
5.920000E2	2.000000E0	1.748498E-2
5.920000E2	4.000000E0	1.742568E-2
5.920000E2	6.000000E0	1.732716E-2
5.920000E2	8.000000E0	1.718985E-2
5.920000E2	1.000000E1	1.701435E-2
5.920000E2	1.200000E1	1.680133E-2
5.920000E2	1.400000E1	1.655156E-2
5.920000E2	1.600000E1	1.626578E-2
5.920000E2	1.800000E1	1.594465E-2
5.920000E2	2.000000E1	1.558870E-2
5.920000E2	2.200000E1	1.519824E-2
5.920000E2	2.400000E1	1.477319E-2
5.920000E2	2.600000E1	1.431309E-2
5.920000E2	2.800000E1	1.381696E-2
5.920000E2	3.000000E1	1.328338E-2
5.920000E2	3.200000E1	1.271092E-2
5.920000E2	3.400000E1	1.209985E-2
5.920000E2	3.600000E1	1.145892E-2
5.920000E2	3.800000E1	1.083694E-2
5.920000E2	4.000000E1	1.056101E-2
5.920000E2	4.200000E1	1.075299E-2
5.920000E2	4.400000E1	7.290970E-3
5.920000E2	4.600000E1	7.537357E-3
5.920000E2	4.800000E1	8.194674E-3
5.920000E2	5.000000E1	8.820617E-3
5.920000E2	5.200000E1	9.324391E-3
5.920000E2	5.400000E1	9.690084E-3
5.920000E2	5.600000E1	9.919311E-3
5.920000E2	5.800000E1	1.001652E-2
5.920000E2	6.000000E1	9.985064E-3
5.920000E2	6.200000E1	9.826514E-3
5.920000E2	6.400000E1	9.540967E-3
5.920000E2	6.600000E1	9.127871E-3
5.920000E2	6.800000E1	8.587167E-3
5.920000E2	7.000000E1	7.920781E-3
5.920000E2	7.200000E1	7.134530E-3
5.920000E2	7.400000E1	6.240425E-3
5.920000E2	7.600000E1	5.259275E-3
5.920000E2	7.800000E1	4.223183E-3
5.920000E2	8.000000E1	3.177254E-3
5.940000E2	0.000000E0	1.725512E-2
5.940000E2	2.000000E0	1.723565E-2
5.940000E2	4.000000E0	1.717734E-2
5.940000E2	6.000000E0	1.708044E-2
5.940000E2	8.000000E0	1.694539E-2
5.940000E2	1.000000E1	1.677274E-2
5.940000E2	1.200000E1	1.656313E-2
5.940000E2	1.400000E1	1.631728E-2
5.940000E2	1.600000E1	1.603588E-2
5.940000E2	1.800000E1	1.571956E-2
5.940000E2	2.000000E1	1.536877E-2
5.940000E2	2.200000E1	1.498376E-2
5.940000E2	2.400000E1	1.456441E-2
5.940000E2	2.600000E1	1.411018E-2
5.940000E2	2.800000E1	1.362002E-2
5.940000E2	3.000000E1	1.309241E-2
5.940000E2	3.200000E1	1.252577E-2
5.940000E2	3.400000E1	1.192012E-2
5.940000E2	3.600000E1	1.128352E-2
5.940000E2	3.800000E1	1.066273E-2
5.940000E2	4.000000E1	1.037421E-2
5.940000E2	4.200000E1	1.051001E-2
5.940000E2	4.400000E1	7.132242E-3
5.940000E2	4.600000E1	7.399723E-3
5.940000E2	4.800000E1	8.064297E-3
5.940000E2	5.000000E1	8.692993E-3
5.940000E2	5.200000E1	9.197723E-3
5.940000E2	5.400000E1	9.563575E-3
5.940000E2	5.600000E1	9.792629E-3
5.940000E2	5.800000E1	9.889611E-3
5.940000E2	6.000000E1	9.858116E-3
5.940000E2	6.200000E1	9.699935E-3
5.940000E2	6.400000E1	9.415422E-3
5.940000E2	6.600000E1	9.004318E-3
5.940000E2	6.800000E1	8.466894E-3
5.940000E2	7.000000E1	7.805432E-3
5.940000E2	7.200000E1	7.026101E-3
5.940000E2	7.400000E1	6.141206E-3
5.940000E2	7.600000E1	5.171702E-3
5.940000E2	7.800000E1	4.149577E-3
5.940000E2	8.000000E1	3.119423E-3
5.960000E2	0.000000E0	1.697405E-2
5.960000E2	2.000000E0	1.695495E-2
5.960000E2	4.000000E0	1.689772E-2
5.960000E2	6.000000E0	1.680262E-2
5.960000E2	8.000000E0	1.667004E-2
5.960000E2	1.000000E1	1.650052E-2
5.960000E2	1.200000E1	1.629466E-2
5.960000E2	1.400000E1	1.605314E-2
5.960000E2	1.600000E1	1.577660E-2
5.960000E2	1.800000E1	1.546561E-2
5.960000E2	2.000000E1	1.512059E-2
5.960000E2	2.200000E1	1.474170E-2
5.960000E2	2.400000E1	1.432879E-2
5.960000E2	2.600000E1	1.388125E-2
5.960000E2	2.800000E1	1.339795E-2
5.960000E2	3.000000E1	1.287730E-2
5.960000E2	3.200000E1	1.231760E-2
5.960000E2	3.400000E1	1.171856E-2
5.960000E2	3.600000E1	1.108764E-2
5.960000E2	3.800000E1	1.046948E-2
5.960000E2	4.000000E1	1.016966E-2
5.960000E2	4.200000E1	1.025100E-2
5.960000E2	4.400000E1	6.963279E-3
5.960000E2	4.600000E1	7.250342E-3
5.960000E2	4.800000E1	7.920164E-3
5.960000E2	5.000000E1	8.549857E-3
5.960000E2	5.200000E1	9.054161E-3
5.960000E2	5.400000E1	9.419165E-3
5.960000E2	5.600000E1	9.647391E-3
5.960000E2	5.800000E1	9.743829E-3
5.960000E2	6.000000E1	9.712285E-3
5.960000E2	6.200000E1	9.554770E-3
5.960000E2	6.400000E1	9.271885E-3
5.960000E2	6.600000E1	8.863654E-3
5.960000E2	6.800000E1	8.330668E-3
5.960000E2	7.000000E1	7.675546E-3
5.960000E2	7.200000E1	6.904779E-3
5.960000E2	7.400000E1	6.030921E-3
5.960000E2	7.600000E1	5.075008E-3
5.960000E2	7.800000E1	4.068828E-3
5.960000E2	8.000000E1	3.056362E-3
5.980000E2	0.000000E0	1.666039E-2
5.980000E2	2.000000E0	1.664168E-2
5.980000E2	4.000000E0	1.658563E-2
5.980000E2	6.000000E0	1.649247E-2
5.980000E2	8.000000E0	1.636260E-2
5.980000E2	1.000000E1	1.619650E-2
5.980000E2	1.200000E1	1.599476E-2
5.980000E2	1.400000E1	1.575799E-2
5.980000E2	1.600000E1	1.548680E-2
5.980000E2	1.800000E1	1.518171E-2
5.980000E2	2.000000E1	1.484308E-2
5.980000E2	2.200000E1	1.447103E-2
5.980000E2	2.400000E1	1.406534E-2
5.980000E2	2.600000E1	1.362535E-2
5.980000E2	2.800000E1	1.314987E-2
5.980000E2	3.000000E1	1.263725E-2
5.980000E2	3.200000E1	1.208563E-2
5.980000E2	3.400000E1	1.149451E-2
5.980000E2	3.600000E1	1.087068E-2
5.980000E2	3.800000E1	1.025668E-2
5.980000E2	4.000000E1	9.946897E-3
5.980000E2	4.200000E1	9.977405E-3
5.980000E2	4.400000E1	6.783958E-3
5.980000E2	4.600000E1	7.088760E-3
5.980000E2	4.800000E1	7.761643E-3
5.980000E2	5.000000E1	8.390467E-3
5.980000E2	5.200000E1	8.892894E-3
5.980000E2	5.400000E1	9.256007E-3
5.980000E2	5.600000E1	9.482746E-3
5.980000E2	5.800000E1	9.578335E-3
5.980000E2	6.000000E1	9.546778E-3
5.980000E2	6.200000E1	9.390289E-3
5.980000E2	6.400000E1	9.109706E-3
5.980000E2	6.600000E1	8.705325E-3
5.980000E2	6.800000E1	8.178038E-3
5.980000E2	7.000000E1	7.530780E-3
5.980000E2	7.200000E1	6.770326E-3
5.980000E2	7.400000E1	5.909426E-3
5.980000E2	7.600000E1	4.969127E-3
5.980000E2	7.800000E1	3.980928E-3
5.980000E2	8.000000E1	2.988098E-3
6.000000E2	0.000000E0	1.631457E-2
6.000000E2	2.000000E0	1.629628E-2
6.000000E2	4.000000E0	1.624151E-2
6.000000E2	6.000000E0	1.615047E-2
6.000000E2	8.000000E0	1.602352E-2
6.000000E2	1.000000E1	1.586114E-2
6.000000E2	1.200000E1	1.566386E-2
6.000000E2	1.400000E1	1.543226E-2
6.000000E2	1.600000E1	1.516691E-2
6.000000E2	1.800000E1	1.486827E-2
6.000000E2	2.000000E1	1.453666E-2
6.000000E2	2.200000E1	1.417214E-2
6.000000E2	2.400000E1	1.377444E-2
6.000000E2	2.600000E1	1.334285E-2
6.000000E2	2.800000E1	1.287614E-2
6.000000E2	3.000000E1	1.237257E-2
6.000000E2	3.200000E1	1.183019E-2
6.000000E2	3.400000E1	1.124826E-2
6.000000E2	3.600000E1	1.063294E-2
6.000000E2	3.800000E1	1.002466E-2
6.000000E2	4.000000E1	9.706365E-3
6.000000E2	4.200000E1	9.688164E-3
6.000000E2	4.400000E1	6.594521E-3
6.000000E2	4.600000E1	6.915315E-3
6.000000E2	4.800000E1	7.589086E-3
6.000000E2	5.000000E1	8.215170E-3
6.000000E2	5.200000E1	8.714264E-3
6.000000E2	5.400000E1	9.074435E-3
6.000000E2	5.600000E1	9.299013E-3
6.000000E2	5.800000E1	9.393435E-3
6.000000E2	6.000000E1	9.361880E-3
6.000000E2	6.200000E1	9.206753E-3
6.000000E2	6.400000E1	8.929117E-3
6.000000E2	6.600000E1	8.529529E-3
6.000000E2	6.800000E1	8.009167E-3
6.000000E2	7.000000E1	7.371256E-3
6.000000E2	7.200000E1	6.622825E-3
6.000000E2	7.400000E1	5.776767E-3
6.000000E2	7.600000E1	4.854074E-3
6.000000E2	7.800000E1	3.885867E-3
6.000000E2	8.000000E1	2.914605E-3
6.020000E2	0.000000E0	1.594001E-2
6.020000E2	2.000000E0	1.592218E-2
6.020000E2	4.000000E0	1.586877E-2
6.020000E2	6.000000E0	1.577999E-2
6.020000E2	8.000000E0	1.565617E-2
6.020000E2	1.000000E1	1.549775E-2
6.020000E2	1.200000E1	1.530525E-2
6.020000E2	1.400000E1	1.507921E-2
6.020000E2	1.600000E1	1.482012E-2
6.020000E2	1.800000E1	1.452843E-2
6.020000E2	2.000000E1	1.420440E-2
6.020000E2	2.200000E1	1.384804E-2
6.020000E2	2.400000E1	1.345903E-2
6.020000E2	2.600000E1	1.303663E-2
6.020000E2	2.800000E1	1.257956E-2
6.020000E2	3.000000E1	1.208600E-2
6.020000E2	3.200000E1	1.155393E-2
6.020000E2	3.400000E1	1.098238E-2
6.020000E2	3.600000E1	1.037692E-2
6.020000E2	3.800000E1	9.775821E-3
6.020000E2	4.000000E1	9.450391E-3
6.020000E2	4.200000E1	9.388269E-3
6.020000E2	4.400000E1	6.396777E-3
6.020000E2	4.600000E1	6.731492E-3
6.020000E2	4.800000E1	7.403967E-3
6.020000E2	5.000000E1	8.025498E-3
6.020000E2	5.200000E1	8.519870E-3
6.020000E2	5.400000E1	8.876115E-3
6.020000E2	5.600000E1	9.097921E-3
6.020000E2	5.800000E1	9.190912E-3
6.020000E2	6.000000E1	9.159421E-3
6.020000E2	6.200000E1	9.006028E-3
6.020000E2	6.400000E1	8.732004E-3
6.020000E2	6.600000E1	8.338150E-3
6.020000E2	6.800000E1	7.825912E-3
6.020000E2	7.000000E1	7.198778E-3
6.020000E2	7.200000E1	6.463984E-3
6.020000E2	7.400000E1	5.634517E-3
6.020000E2	7.600000E1	4.731240E-3
6.020000E2	7.800000E1	3.784819E-3
6.020000E2	8.000000E1	2.836804E-3
6.040000E2	0.000000E0	1.553940E-2
6.040000E2	2.000000E0	1.552206E-2
6.040000E2	4.000000E0	1.547008E-2
6.040000E2	6.000000E0	1.538367E-2
6.040000E2	8.000000E0	1.526316E-2
6.040000E2	1.000000E1	1.510894E-2
6.040000E2	1.200000E1	1.492150E-2
6.040000E2	1.400000E1	1.470134E-2
6.040000E2	1.600000E1	1.444892E-2
6.040000E2	1.800000E1	1.416462E-2
6.040000E2	2.000000E1	1.384867E-2
6.040000E2	2.200000E1	1.350104E-2
6.040000E2	2.400000E1	1.312136E-2
6.040000E2	2.600000E1	1.270885E-2
6.040000E2	2.800000E1	1.226218E-2
6.040000E2	3.000000E1	1.177952E-2
6.040000E2	3.200000E1	1.125873E-2
6.040000E2	3.400000E1	1.069865E-2
6.040000E2	3.600000E1	1.010426E-2
6.040000E2	3.800000E1	9.511730E-3
6.040000E2	4.000000E1	9.180661E-3
6.040000E2	4.200000E1	9.076515E-3
6.040000E2	4.400000E1	6.191690E-3
6.040000E2	4.600000E1	6.538577E-3
6.040000E2	4.800000E1	7.207739E-3
6.040000E2	5.000000E1	7.823016E-3
6.040000E2	5.200000E1	8.311351E-3
6.040000E2	5.400000E1	8.662728E-3
6.040000E2	5.600000E1	8.881162E-3
6.040000E2	5.800000E1	8.972438E-3
6.040000E2	6.000000E1	8.941022E-3
6.040000E2	6.200000E1	8.789655E-3
6.040000E2	6.400000E1	8.519802E-3
6.040000E2	6.600000E1	8.132498E-3
6.040000E2	6.800000E1	7.629436E-3
6.040000E2	7.000000E1	7.014340E-3
6.040000E2	7.200000E1	6.294627E-3
6.040000E2	7.400000E1	5.483325E-3
6.040000E2	7.600000E1	4.601111E-3
6.040000E2	7.800000E1	3.678116E-3
6.040000E2	8.000000E1	2.754908E-3
6.060000E2	0.000000E0	1.511947E-2
6.060000E2	2.000000E0	1.510262E-2
6.060000E2	4.000000E0	1.505213E-2
6.060000E2	6.000000E0	1.496820E-2
6.060000E2	8.000000E0	1.485112E-2
6.060000E2	1.000000E1	1.470127E-2
6.060000E2	1.200000E1	1.451909E-2
6.060000E2	1.400000E1	1.430505E-2
6.060000E2	1.600000E1	1.405958E-2
6.060000E2	1.800000E1	1.378301E-2
6.060000E2	2.000000E1	1.347551E-2
6.060000E2	2.200000E1	1.313703E-2
6.060000E2	2.400000E1	1.276717E-2
6.060000E2	2.600000E1	1.236508E-2
6.060000E2	2.800000E1	1.192944E-2
6.060000E2	3.000000E1	1.145835E-2
6.060000E2	3.200000E1	1.094961E-2
6.060000E2	3.400000E1	1.040188E-2
6.060000E2	3.600000E1	9.819567E-3
6.060000E2	3.800000E1	9.236764E-3
6.060000E2	4.000000E1	8.901276E-3
6.060000E2	4.200000E1	8.760281E-3
6.060000E2	4.400000E1	5.982157E-3
6.060000E2	4.600000E1	6.339224E-3
6.060000E2	4.800000E1	7.003247E-3
6.060000E2	5.000000E1	7.610814E-3
6.060000E2	5.200000E1	8.092024E-3
6.060000E2	5.400000E1	8.437774E-3
6.060000E2	5.600000E1	8.652379E-3
6.060000E2	5.800000E1	8.741754E-3
6.060000E2	6.000000E1	8.710484E-3
6.060000E2	6.200000E1	8.561448E-3
6.060000E2	6.400000E1	8.296295E-3
6.060000E2	6.600000E1	7.916271E-3
6.060000E2	6.800000E1	7.423297E-3
6.060000E2	7.000000E1	6.821309E-3
6.060000E2	7.200000E1	6.117860E-3
6.060000E2	7.400000E1	5.325975E-3
6.060000E2	7.600000E1	4.466089E-3
6.060000E2	7.800000E1	3.567735E-3
6.060000E2	8.000000E1	2.670433E-3
6.080000E2	0.000000E0	1.468943E-2
6.080000E2	2.000000E0	1.467308E-2
6.080000E2	4.000000E0	1.462411E-2
6.080000E2	6.000000E0	1.454269E-2
6.080000E2	8.000000E0	1.442910E-2
6.080000E2	1.000000E1	1.428368E-2
6.080000E2	1.200000E1	1.410687E-2
6.080000E2	1.400000E1	1.389907E-2
6.080000E2	1.600000E1	1.366068E-2
6.080000E2	1.800000E1	1.339199E-2
6.080000E2	2.000000E1	1.309314E-2
6.080000E2	2.200000E1	1.276403E-2
6.080000E2	2.400000E1	1.240422E-2
6.080000E2	2.600000E1	1.201286E-2
6.080000E2	2.800000E1	1.158857E-2
6.080000E2	3.000000E1	1.112944E-2
6.080000E2	3.200000E1	1.063321E-2
6.080000E2	3.400000E1	1.009835E-2
6.080000E2	3.600000E1	9.528757E-3
6.080000E2	3.800000E1	8.956484E-3
6.080000E2	4.000000E1	8.617787E-3
6.080000E2	4.200000E1	8.441958E-3
6.080000E2	4.400000E1	5.771764E-3
6.080000E2	4.600000E1	6.137519E-3
6.080000E2	4.800000E1	6.795030E-3
6.080000E2	5.000000E1	7.393796E-3
6.080000E2	5.200000E1	7.867062E-3
6.080000E2	5.400000E1	8.206607E-3
6.080000E2	5.600000E1	8.417016E-3
6.080000E2	5.800000E1	8.504317E-3
6.080000E2	6.000000E1	8.473191E-3
6.080000E2	6.200000E1	8.326647E-3
6.080000E2	6.400000E1	8.066500E-3
6.080000E2	6.600000E1	7.694194E-3
6.080000E2	6.800000E1	7.211862E-3
6.080000E2	7.000000E1	6.623625E-3
6.080000E2	7.200000E1	5.937151E-3
6.080000E2	7.400000E1	5.165425E-3
6.080000E2	7.600000E1	4.328597E-3
6.080000E2	7.800000E1	3.455563E-3
6.080000E2	8.000000E1	2.584759E-3
6.100000E2	0.000000E0	1.424827E-2
6.100000E2	2.000000E0	1.423244E-2
6.100000E2	4.000000E0	1.418502E-2
6.100000E2	6.000000E0	1.410615E-2
6.100000E2	8.000000E0	1.399611E-2
6.100000E2	1.000000E1	1.385522E-2
6.100000E2	1.200000E1	1.368387E-2
6.100000E2	1.400000E1	1.348244E-2
6.100000E2	1.600000E1	1.325128E-2
6.100000E2	1.800000E1	1.299066E-2
6.100000E2	2.000000E1	1.270068E-2
6.100000E2	2.200000E1	1.238118E-2
6.100000E2	2.400000E1	1.203172E-2
6.100000E2	2.600000E1	1.165141E-2
6.100000E2	2.800000E1	1.123886E-2
6.100000E2	3.000000E1	1.079212E-2
6.100000E2	3.200000E1	1.030890E-2
6.100000E2	3.400000E1	9.787511E-3
6.100000E2	3.600000E1	9.231337E-3
6.100000E2	3.800000E1	8.670470E-3
6.100000E2	4.000000E1	8.329777E-3
6.100000E2	4.200000E1	8.122582E-3
6.100000E2	4.400000E1	5.560300E-3
6.100000E2	4.600000E1	5.933031E-3
6.100000E2	4.800000E1	6.582540E-3
6.100000E2	5.000000E1	7.171341E-3
6.100000E2	5.200000E1	7.635797E-3
6.100000E2	5.400000E1	7.968536E-3
6.100000E2	5.600000E1	8.174381E-3
6.100000E2	5.800000E1	8.259449E-3
6.100000E2	6.000000E1	8.228502E-3
6.100000E2	6.200000E1	8.084659E-3
6.100000E2	6.400000E1	7.829886E-3
6.100000E2	6.600000E1	7.465810E-3
6.100000E2	6.800000E1	6.994753E-3
6.100000E2	7.000000E1	6.420997E-3
6.100000E2	7.200000E1	5.752288E-3
6.100000E2	7.400000E1	5.001534E-3
6.100000E2	7.600000E1	4.188556E-3
6.100000E2	7.800000E1	3.341569E-3
6.100000E2	8.000000E1	2.497881E-3
6.120000E2	0.000000E0	1.381029E-2
6.120000E2	2.000000E0	1.379497E-2
6.120000E2	4.000000E0	1.374906E-2
6.120000E2	6.000000E0	1.367272E-2
6.120000E2	8.000000E0	1.356619E-2
6.120000E2	1.000000E1	1.342977E-2
6.120000E2	1.200000E1	1.326382E-2
6.120000E2	1.400000E1	1.306870E-2
6.120000E2	1.600000E1	1.284471E-2
6.120000E2	1.800000E1	1.259208E-2
6.120000E2	2.000000E1	1.231088E-2
6.120000E2	2.200000E1	1.200093E-2
6.120000E2	2.400000E1	1.166176E-2
6.120000E2	2.600000E1	1.129245E-2
6.120000E2	2.800000E1	1.089159E-2
6.120000E2	3.000000E1	1.045724E-2
6.120000E2	3.200000E1	9.987041E-3
6.120000E2	3.400000E1	9.479188E-3
6.120000E2	3.600000E1	8.936573E-3
6.120000E2	3.800000E1	8.387399E-3
6.120000E2	4.000000E1	8.045455E-3
6.120000E2	4.200000E1	7.811052E-3
6.120000E2	4.400000E1	5.353094E-3
6.120000E2	4.600000E1	5.731432E-3
6.120000E2	4.800000E1	6.372158E-3
6.120000E2	5.000000E1	6.950488E-3
6.120000E2	5.200000E1	7.405798E-3
6.120000E2	5.400000E1	7.731518E-3
6.120000E2	5.600000E1	7.932685E-3
6.120000E2	5.800000E1	8.015486E-3
6.120000E2	6.000000E1	7.984749E-3
6.120000E2	6.200000E1	7.843692E-3
6.120000E2	6.400000E1	7.594420E-3
6.120000E2	6.600000E1	7.238724E-3
6.120000E2	6.800000E1	6.779098E-3
6.120000E2	7.000000E1	6.219966E-3
6.120000E2	7.200000E1	5.569128E-3
6.120000E2	7.400000E1	4.839389E-3
6.120000E2	7.600000E1	4.050219E-3
6.120000E2	7.800000E1	3.229136E-3
6.120000E2	8.000000E1	2.412323E-3
6.140000E2	0.000000E0	1.337592E-2
6.140000E2	2.000000E0	1.336110E-2
6.140000E2	4.000000E0	1.331670E-2
6.140000E2	6.000000E0	1.324285E-2
6.140000E2	8.000000E0	1.313978E-2
6.140000E2	1.000000E1	1.300778E-2
6.140000E2	1.200000E1	1.284716E-2
6.140000E2	1.400000E1	1.265827E-2
6.140000E2	1.600000E1	1.244136E-2
6.140000E2	1.800000E1	1.219665E-2
6.140000E2	2.000000E1	1.192415E-2
6.140000E2	2.200000E1	1.162367E-2
6.140000E2	2.400000E1	1.129470E-2
6.140000E2	2.600000E1	1.093633E-2
6.140000E2	2.800000E1	1.054712E-2
6.140000E2	3.000000E1	1.012512E-2
6.140000E2	3.200000E1	9.667948E-3
6.140000E2	3.400000E1	9.173667E-3
6.140000E2	3.600000E1	8.644725E-3
6.140000E2	3.800000E1	8.107512E-3
6.140000E2	4.000000E1	7.765150E-3
6.140000E2	4.200000E1	7.505950E-3
6.140000E2	4.400000E1	5.150278E-3
6.140000E2	4.600000E1	5.533041E-3
6.140000E2	4.800000E1	6.164252E-3
6.140000E2	5.000000E1	6.731618E-3
6.140000E2	5.200000E1	7.177445E-3
6.140000E2	5.400000E1	7.495922E-3
6.140000E2	5.600000E1	7.692276E-3
6.140000E2	5.800000E1	7.772751E-3
6.140000E2	6.000000E1	7.742225E-3
6.140000E2	6.200000E1	7.604004E-3
6.140000E2	6.400000E1	7.360317E-3
6.140000E2	6.600000E1	7.013109E-3
6.140000E2	6.800000E1	6.565028E-3
6.140000E2	7.000000E1	6.020617E-3
6.140000E2	7.200000E1	5.387712E-3
6.140000E2	7.400000E1	4.678993E-3
6.140000E2	7.600000E1	3.913560E-3
6.140000E2	7.800000E1	3.118221E-3
6.140000E2	8.000000E1	2.328034E-3
6.160000E2	0.000000E0	1.294423E-2
6.160000E2	2.000000E0	1.292991E-2
6.160000E2	4.000000E0	1.288699E-2
6.160000E2	6.000000E0	1.281560E-2
6.160000E2	8.000000E0	1.271596E-2
6.160000E2	1.000000E1	1.258833E-2
6.160000E2	1.200000E1	1.243300E-2
6.160000E2	1.400000E1	1.225027E-2
6.160000E2	1.600000E1	1.204039E-2
6.160000E2	1.800000E1	1.180352E-2
6.160000E2	2.000000E1	1.153967E-2
6.160000E2	2.200000E1	1.124860E-2
6.160000E2	2.400000E1	1.092979E-2
6.160000E2	2.600000E1	1.058231E-2
6.160000E2	2.800000E1	1.020473E-2
6.160000E2	3.000000E1	9.795086E-3
6.160000E2	3.200000E1	9.350960E-3
6.160000E2	3.400000E1	8.870321E-3
6.160000E2	3.600000E1	8.355193E-3
6.160000E2	3.800000E1	7.830234E-3
6.160000E2	4.000000E1	7.488267E-3
6.160000E2	4.200000E1	7.206677E-3
6.160000E2	4.400000E1	4.951356E-3
6.160000E2	4.600000E1	5.337374E-3
6.160000E2	4.800000E1	5.958333E-3
6.160000E2	5.000000E1	6.514235E-3
6.160000E2	5.200000E1	6.950235E-3
6.160000E2	5.400000E1	7.261245E-3
6.160000E2	5.600000E1	7.452654E-3
6.160000E2	5.800000E1	7.530747E-3
6.160000E2	6.000000E1	7.500441E-3
6.160000E2	6.200000E1	7.365117E-3
6.160000E2	6.400000E1	7.127116E-3
6.160000E2	6.600000E1	6.788521E-3
6.160000E2	6.800000E1	6.352120E-3
6.160000E2	7.000000E1	5.822557E-3
6.160000E2	7.200000E1	5.207680E-3
6.160000E2	7.400000E1	4.520024E-3
6.160000E2	7.600000E1	3.778299E-3
6.160000E2	7.800000E1	3.008590E-3
6.160000E2	8.000000E1	2.244832E-3
6.180000E2	0.000000E0	1.252110E-2
6.180000E2	2.000000E0	1.250726E-2
6.180000E2	4.000000E0	1.246579E-2
6.180000E2	6.000000E0	1.239681E-2
6.180000E2	8.000000E0	1.230052E-2
6.180000E2	1.000000E1	1.217715E-2
6.180000E2	1.200000E1	1.202698E-2
6.180000E2	1.400000E1	1.185029E-2
6.180000E2	1.600000E1	1.164728E-2
6.180000E2	1.800000E1	1.141809E-2
6.180000E2	2.000000E1	1.116270E-2
6.180000E2	2.200000E1	1.088086E-2
6.180000E2	2.400000E1	1.057202E-2
6.180000E2	2.600000E1	1.023524E-2
6.180000E2	2.800000E1	9.869098E-3
6.180000E2	3.000000E1	9.471616E-3
6.180000E2	3.200000E1	9.040368E-3
6.180000E2	3.400000E1	8.573225E-3
6.180000E2	3.600000E1	8.071819E-3
6.180000E2	3.800000E1	7.559165E-3
6.180000E2	4.000000E1	7.218211E-3
6.180000E2	4.200000E1	6.916904E-3
6.180000E2	4.400000E1	4.758515E-3
6.180000E2	4.600000E1	5.146774E-3
6.180000E2	4.800000E1	5.757040E-3
6.180000E2	5.000000E1	6.301246E-3
6.180000E2	5.200000E1	6.727292E-3
6.180000E2	5.400000E1	7.030763E-3
6.180000E2	5.600000E1	7.217196E-3
6.180000E2	5.800000E1	7.292900E-3
6.180000E2	6.000000E1	7.262821E-3
6.180000E2	6.200000E1	7.130403E-3
6.180000E2	6.400000E1	6.898090E-3
6.180000E2	6.600000E1	6.568089E-3
6.180000E2	6.800000E1	6.143310E-3
6.180000E2	7.000000E1	5.628483E-3
6.180000E2	7.200000E1	5.031450E-3
6.180000E2	7.400000E1	4.364585E-3
6.180000E2	7.600000E1	3.646196E-3
6.180000E2	7.800000E1	2.901648E-3
6.180000E2	8.000000E1	2.163766E-3
6.200000E2	0.000000E0	1.210482E-2
6.200000E2	2.000000E0	1.209145E-2
6.200000E2	4.000000E0	1.205141E-2
6.200000E2	6.000000E0	1.198478E-2
6.200000E2	8.000000E0	1.189177E-2
6.200000E2	1.000000E1	1.177258E-2
6.200000E2	1.200000E1	1.162748E-2
6.200000E2	1.400000E1	1.145670E-2
6.200000E2	1.600000E1	1.126044E-2
6.200000E2	1.800000E1	1.103879E-2
6.200000E2	2.000000E1	1.079172E-2
6.200000E2	2.200000E1	1.051896E-2
6.200000E2	2.400000E1	1.021994E-2
6.200000E2	2.600000E1	9.893721E-3
6.200000E2	2.800000E1	9.538871E-3
6.200000E2	3.000000E1	9.153419E-3
6.200000E2	3.200000E1	8.734930E-3
6.200000E2	3.400000E1	8.281192E-3
6.200000E2	3.600000E1	7.793471E-3
6.200000E2	3.800000E1	7.293218E-3
6.200000E2	4.000000E1	6.953893E-3
6.200000E2	4.200000E1	6.635362E-3
6.200000E2	4.400000E1	4.570907E-3
6.200000E2	4.600000E1	4.960418E-3
6.200000E2	4.800000E1	5.559521E-3
6.200000E2	5.000000E1	6.091771E-3
6.200000E2	5.200000E1	6.507708E-3
6.200000E2	5.400000E1	6.803555E-3
6.200000E2	5.600000E1	6.984972E-3
6.200000E2	5.800000E1	7.058281E-3
6.200000E2	6.000000E1	7.028444E-3
6.200000E2	6.200000E1	6.898960E-3
6.200000E2	6.400000E1	6.672363E-3
6.200000E2	6.600000E1	6.350969E-3
6.200000E2	6.800000E1	5.937798E-3
6.200000E2	7.000000E1	5.437648E-3
6.200000E2	7.200000E1	4.858339E-3
6.200000E2	7.400000E1	4.212066E-3
6.200000E2	7.600000E1	3.516727E-3
6.200000E2	7.800000E1	2.796963E-3
6.200000E2	8.000000E1	2.084504E-3
6.220000E2	0.000000E0	1.169958E-2
6.220000E2	2.000000E0	1.168668E-2
6.220000E2	4.000000E0	1.164801E-2
6.220000E2	6.000000E0	1.158367E-2
6.220000E2	8.000000E0	1.149384E-2
6.220000E2	1.000000E1	1.137871E-2
6.220000E2	1.200000E1	1.123852E-2
6.220000E2	1.400000E1	1.107349E-2
6.220000E2	1.600000E1	1.088378E-2
6.220000E2	1.800000E1	1.066947E-2
6.220000E2	2.000000E1	1.043050E-2
6.220000E2	2.200000E1	1.016657E-2
6.220000E2	2.400000E1	9.877114E-3
6.220000E2	2.600000E1	9.561183E-3
6.220000E2	2.800000E1	9.217351E-3
6.220000E2	3.000000E1	8.843653E-3
6.220000E2	3.200000E1	8.437649E-3
6.220000E2	3.400000E1	7.997052E-3
6.220000E2	3.600000E1	7.522793E-3
6.220000E2	3.800000E1	7.034846E-3
6.220000E2	4.000000E1	6.697683E-3
6.220000E2	4.200000E1	6.362892E-3
6.220000E2	4.400000E1	4.390008E-3
6.220000E2	4.600000E1	4.780085E-3
6.220000E2	4.800000E1	5.367816E-3
6.220000E2	5.000000E1	5.888051E-3
6.220000E2	5.200000E1	6.293871E-3
6.220000E2	5.400000E1	6.582102E-3
6.220000E2	5.600000E1	6.758511E-3
6.220000E2	5.800000E1	6.829421E-3
6.220000E2	6.000000E1	6.799805E-3
6.220000E2	6.200000E1	6.673205E-3
6.220000E2	6.400000E1	6.452235E-3
6.220000E2	6.600000E1	6.139315E-3
6.220000E2	6.800000E1	5.737559E-3
6.220000E2	7.000000E1	5.251822E-3
6.220000E2	7.200000E1	4.689890E-3
6.220000E2	7.400000E1	4.063770E-3
6.220000E2	7.600000E1	3.390949E-3
6.220000E2	7.800000E1	2.695350E-3
6.220000E2	8.000000E1	2.007634E-3
6.240000E2	0.000000E0	1.131371E-2
6.240000E2	2.000000E0	1.130124E-2
6.240000E2	4.000000E0	1.126388E-2
6.240000E2	6.000000E0	1.120172E-2
6.240000E2	8.000000E0	1.111490E-2
6.240000E2	1.000000E1	1.100363E-2
6.240000E2	1.200000E1	1.086812E-2
6.240000E2	1.400000E1	1.070854E-2
6.240000E2	1.600000E1	1.052506E-2
6.240000E2	1.800000E1	1.031773E-2
6.240000E2	2.000000E1	1.008646E-2
6.240000E2	2.200000E1	9.830942E-3
6.240000E2	2.400000E1	9.550599E-3
6.240000E2	2.600000E1	9.244477E-3
6.240000E2	2.800000E1	8.911156E-3
6.240000E2	3.000000E1	8.548680E-3
6.240000E2	3.200000E1	8.154606E-3
6.240000E2	3.400000E1	7.726585E-3
6.240000E2	3.600000E1	7.265233E-3
6.240000E2	3.800000E1	6.789140E-3
6.240000E2	4.000000E1	6.454256E-3
6.240000E2	4.200000E1	6.106362E-3
6.240000E2	4.400000E1	4.218772E-3
6.240000E2	4.600000E1	4.608833E-3
6.240000E2	4.800000E1	5.185413E-3
6.240000E2	5.000000E1	5.693992E-3
6.240000E2	5.200000E1	6.090035E-3
6.240000E2	5.400000E1	6.370921E-3
6.240000E2	5.600000E1	6.542513E-3
6.240000E2	5.800000E1	6.611128E-3
6.240000E2	6.000000E1	6.581744E-3
6.240000E2	6.200000E1	6.457943E-3
6.240000E2	6.400000E1	6.242409E-3
6.240000E2	6.600000E1	5.937653E-3
6.240000E2	6.800000E1	5.546874E-3
6.240000E2	7.000000E1	5.074972E-3
6.240000E2	7.200000E1	4.529688E-3
6.240000E2	7.400000E1	3.922844E-3
6.240000E2	7.600000E1	3.271517E-3
6.240000E2	7.800000E1	2.598945E-3
6.240000E2	8.000000E1	1.934762E-3
6.260000E2	0.000000E0	1.094424E-2
6.260000E2	2.000000E0	1.093219E-2
6.260000E2	4.000000E0	1.089608E-2
6.260000E2	6.000000E0	1.083599E-2
6.260000E2	8.000000E0	1.075206E-2
6.260000E2	1.000000E1	1.064447E-2
6.260000E2	1.200000E1	1.051342E-2
6.260000E2	1.400000E1	1.035906E-2
6.260000E2	1.600000E1	1.018154E-2
6.260000E2	1.800000E1	9.980881E-3
6.260000E2	2.000000E1	9.756976E-3
6.260000E2	2.200000E1	9.509511E-3
6.260000E2	2.400000E1	9.237894E-3
6.260000E2	2.600000E1	8.941171E-3
6.260000E2	2.800000E1	8.617929E-3
6.260000E2	3.000000E1	8.266224E-3
6.260000E2	3.200000E1	7.883613E-3
6.260000E2	3.400000E1	7.467689E-3
6.260000E2	3.600000E1	7.018783E-3
6.260000E2	3.800000E1	6.554180E-3
6.260000E2	4.000000E1	6.221782E-3
6.260000E2	4.200000E1	5.862481E-3
6.260000E2	4.400000E1	4.055870E-3
6.260000E2	4.600000E1	4.445453E-3
6.260000E2	4.800000E1	5.011041E-3
6.260000E2	5.000000E1	5.508233E-3
6.260000E2	5.200000E1	5.894752E-3
6.260000E2	5.400000E1	6.168495E-3
6.260000E2	5.600000E1	6.335405E-3
6.260000E2	5.800000E1	6.401792E-3
6.260000E2	6.000000E1	6.372632E-3
6.260000E2	6.200000E1	6.251539E-3
6.260000E2	6.400000E1	6.041263E-3
6.260000E2	6.600000E1	5.744395E-3
6.260000E2	6.800000E1	5.364211E-3
6.260000E2	7.000000E1	4.905643E-3
6.260000E2	7.200000E1	4.376388E-3
6.260000E2	7.400000E1	3.788073E-3
6.260000E2	7.600000E1	3.157380E-3
6.260000E2	7.800000E1	2.506878E-3
6.260000E2	8.000000E1	1.865219E-3
6.280000E2	0.000000E0	1.058864E-2
6.280000E2	2.000000E0	1.057699E-2
6.280000E2	4.000000E0	1.054207E-2
6.280000E2	6.000000E0	1.048397E-2
6.280000E2	8.000000E0	1.040282E-2
6.280000E2	1.000000E1	1.029877E-2
6.280000E2	1.200000E1	1.017200E-2
6.280000E2	1.400000E1	1.002266E-2
6.280000E2	1.600000E1	9.850860E-3
6.280000E2	1.800000E1	9.656614E-3
6.280000E2	2.000000E1	9.439796E-3
6.280000E2	2.200000E1	9.200080E-3
6.280000E2	2.400000E1	8.936868E-3
6.280000E2	2.600000E1	8.649203E-3
6.280000E2	2.800000E1	8.335684E-3
6.280000E2	3.000000E1	7.994377E-3
6.280000E2	3.200000E1	7.622846E-3
6.280000E2	3.400000E1	7.218634E-3
6.280000E2	3.600000E1	6.781805E-3
6.280000E2	3.800000E1	6.328420E-3
6.280000E2	4.000000E1	5.998756E-3
6.280000E2	4.200000E1	5.629688E-3
6.280000E2	4.400000E1	3.900239E-3
6.280000E2	4.600000E1	4.288850E-3
6.280000E2	4.800000E1	4.843509E-3
6.280000E2	5.000000E1	5.329493E-3
6.280000E2	5.200000E1	5.706669E-3
6.280000E2	5.400000E1	5.973419E-3
6.280000E2	5.600000E1	6.135754E-3
6.280000E2	5.800000E1	6.199967E-3
6.280000E2	6.000000E1	6.171028E-3
6.280000E2	6.200000E1	6.052579E-3
6.280000E2	6.400000E1	5.847427E-3
6.280000E2	6.600000E1	5.558234E-3
6.280000E2	6.800000E1	5.188342E-3
6.280000E2	7.000000E1	4.742711E-3
6.280000E2	7.200000E1	4.228976E-3
6.280000E2	7.400000E1	3.658574E-3
6.280000E2	7.600000E1	3.047793E-3
6.280000E2	7.800000E1	2.418552E-3
6.280000E2	8.000000E1	1.798554E-3
6.300000E2	0.000000E0	1.024674E-2
6.300000E2	2.000000E0	1.023548E-2
6.300000E2	4.000000E0	1.020171E-2
6.300000E2	6.000000E0	1.014552E-2
6.300000E2	8.000000E0	1.006702E-2
6.300000E2	1.000000E1	9.966361E-3
6.300000E2	1.200000E1	9.843699E-3
6.300000E2	1.400000E1	9.699172E-3
6.300000E2	1.600000E1	9.532866E-3
6.300000E2	1.800000E1	9.344779E-3
6.300000E2	2.000000E1	9.134770E-3
6.300000E2	2.200000E1	8.902502E-3
6.300000E2	2.400000E1	8.647370E-3
6.300000E2	2.600000E1	8.368423E-3
6.300000E2	2.800000E1	8.064265E-3
6.300000E2	3.000000E1	7.732980E-3
6.300000E2	3.200000E1	7.372137E-3
6.300000E2	3.400000E1	6.979239E-3
6.300000E2	3.600000E1	6.554103E-3
6.300000E2	3.800000E1	6.111644E-3
6.300000E2	4.000000E1	5.784972E-3
6.300000E2	4.200000E1	5.406494E-3
6.300000E2	4.400000E1	3.751667E-3
6.300000E2	4.600000E1	4.138981E-3
6.300000E2	4.800000E1	4.682828E-3
6.300000E2	5.000000E1	5.157802E-3
6.300000E2	5.200000E1	5.525821E-3
6.300000E2	5.400000E1	5.785721E-3
6.300000E2	5.600000E1	5.943571E-3
6.300000E2	5.800000E1	6.005644E-3
6.300000E2	6.000000E1	5.976899E-3
6.300000E2	6.200000E1	5.861001E-3
6.300000E2	6.400000E1	5.660806E-3
6.300000E2	6.600000E1	5.379044E-3
6.300000E2	6.800000E1	5.019112E-3
6.300000E2	7.000000E1	4.585989E-3
6.300000E2	7.200000E1	4.087250E-3
6.300000E2	7.400000E1	3.534135E-3
6.300000E2	7.600000E1	2.942549E-3
6.300000E2	7.800000E1	2.333777E-3
6.300000E2	8.000000E1	1.734607E-3
6.320000E2	0.000000E0	9.923205E-3
6.320000E2	2.000000E0	9.912302E-3
6.320000E2	4.000000E0	9.879620E-3
6.320000E2	6.000000E0	9.825229E-3
6.320000E2	8.000000E0	9.749239E-3
6.320000E2	1.000000E1	9.651785E-3
6.320000E2	1.200000E1	9.533007E-3
6.320000E2	1.400000E1	9.393025E-3
6.320000E2	1.600000E1	9.231912E-3
6.320000E2	1.800000E1	9.049647E-3
6.320000E2	2.000000E1	8.846077E-3
6.320000E2	2.200000E1	8.620854E-3
6.320000E2	2.400000E1	8.373371E-3
6.320000E2	2.600000E1	8.102676E-3
6.320000E2	2.800000E1	7.807387E-3
6.320000E2	3.000000E1	7.485600E-3
6.320000E2	3.200000E1	7.134895E-3
6.320000E2	3.400000E1	6.752738E-3
6.320000E2	3.600000E1	6.338718E-3
6.320000E2	3.800000E1	5.906675E-3
6.320000E2	4.000000E1	5.582940E-3
6.320000E2	4.200000E1	5.197304E-3
6.320000E2	4.400000E1	3.611638E-3
6.320000E2	4.600000E1	3.997382E-3
6.320000E2	4.800000E1	4.530815E-3
6.320000E2	5.000000E1	4.995254E-3
6.320000E2	5.200000E1	5.354530E-3
6.320000E2	5.400000E1	5.607901E-3
6.320000E2	5.600000E1	5.761483E-3
6.320000E2	5.800000E1	5.821529E-3
6.320000E2	6.000000E1	5.792986E-3
6.320000E2	6.200000E1	5.679534E-3
6.320000E2	6.400000E1	5.484078E-3
6.320000E2	6.600000E1	5.209405E-3
6.320000E2	6.800000E1	4.858964E-3
6.320000E2	7.000000E1	4.437745E-3
6.320000E2	7.200000E1	3.953258E-3
6.320000E2	7.400000E1	3.416552E-3
6.320000E2	7.600000E1	2.843162E-3
6.320000E2	7.800000E1	2.253769E-3
6.320000E2	8.000000E1	1.674293E-3
6.340000E2	0.000000E0	9.613941E-3
6.340000E2	2.000000E0	9.603385E-3
6.340000E2	4.000000E0	9.571737E-3
6.340000E2	6.000000E0	9.519064E-3
6.340000E2	8.000000E0	9.445467E-3
6.340000E2	1.000000E1	9.351068E-3
6.340000E2	1.200000E1	9.235994E-3
6.340000E2	1.400000E1	9.100351E-3
6.340000E2	1.600000E1	8.944193E-3
6.340000E2	1.800000E1	8.767488E-3
6.340000E2	2.000000E1	8.570068E-3
6.340000E2	2.200000E1	8.351577E-3
6.340000E2	2.400000E1	8.111405E-3
6.340000E2	2.600000E1	7.848605E-3
6.340000E2	2.800000E1	7.561805E-3
6.340000E2	3.000000E1	7.249116E-3
6.340000E2	3.200000E1	6.908130E-3
6.340000E2	3.400000E1	6.536282E-3
6.340000E2	3.600000E1	6.132952E-3
6.340000E2	3.800000E1	5.710970E-3
6.340000E2	4.000000E1	5.390304E-3
6.340000E2	4.200000E1	4.998097E-3
6.340000E2	4.400000E1	3.478598E-3
6.340000E2	4.600000E1	3.862543E-3
6.340000E2	4.800000E1	4.385787E-3
6.340000E2	5.000000E1	4.839978E-3
6.340000E2	5.200000E1	5.190766E-3
6.340000E2	5.400000E1	5.437800E-3
6.340000E2	5.600000E1	5.587242E-3
6.340000E2	5.800000E1	5.645316E-3
6.340000E2	6.000000E1	5.616955E-3
6.340000E2	6.200000E1	5.505855E-3
6.340000E2	6.400000E1	5.314960E-3
6.340000E2	6.600000E1	5.047109E-3
6.340000E2	6.800000E1	4.705795E-3
6.340000E2	7.000000E1	4.296016E-3
6.340000E2	7.200000E1	3.825213E-3
6.340000E2	7.400000E1	3.304246E-3
6.340000E2	7.600000E1	2.748288E-3
6.340000E2	7.800000E1	2.177439E-3
6.340000E2	8.000000E1	1.616783E-3
6.360000E2	0.000000E0	9.317373E-3
6.360000E2	2.000000E0	9.307147E-3
6.360000E2	4.000000E0	9.276489E-3
6.360000E2	6.000000E0	9.225460E-3
6.360000E2	8.000000E0	9.154153E-3
6.360000E2	1.000000E1	9.062678E-3
6.360000E2	1.200000E1	8.951150E-3
6.360000E2	1.400000E1	8.819660E-3
6.360000E2	1.600000E1	8.668249E-3
6.360000E2	1.800000E1	8.496870E-3
6.360000E2	2.000000E1	8.305345E-3
6.360000E2	2.200000E1	8.093310E-3
6.360000E2	2.400000E1	7.860153E-3
6.360000E2	2.600000E1	7.604932E-3
6.360000E2	2.800000E1	7.326285E-3
6.360000E2	3.000000E1	7.022342E-3
6.360000E2	3.200000E1	6.690708E-3
6.360000E2	3.400000E1	6.328791E-3
6.360000E2	3.600000E1	5.935777E-3
6.360000E2	3.800000E1	5.523551E-3
6.360000E2	4.000000E1	5.206048E-3
6.360000E2	4.200000E1	4.808468E-3
6.360000E2	4.400000E1	3.351779E-3
6.360000E2	4.600000E1	3.733650E-3
6.360000E2	4.800000E1	4.246891E-3
6.360000E2	5.000000E1	4.691092E-3
6.360000E2	5.200000E1	5.033627E-3
6.360000E2	5.400000E1	5.274510E-3
6.360000E2	5.600000E1	5.419936E-3
6.360000E2	5.800000E1	5.476102E-3
6.360000E2	6.000000E1	5.447923E-3
6.360000E2	6.200000E1	5.339104E-3
6.360000E2	6.400000E1	5.152625E-3
6.360000E2	6.600000E1	4.891373E-3
6.360000E2	6.800000E1	4.558876E-3
6.360000E2	7.000000E1	4.160134E-3
6.360000E2	7.200000E1	3.702516E-3
6.360000E2	7.400000E1	3.196693E-3
6.360000E2	7.600000E1	2.657486E-3
6.360000E2	7.800000E1	2.104431E-3
6.360000E2	8.000000E1	1.561812E-3
6.380000E2	0.000000E0	9.030675E-3
6.380000E2	2.000000E0	9.020767E-3
6.380000E2	4.000000E0	8.991064E-3
6.380000E2	6.000000E0	8.941620E-3
6.380000E2	8.000000E0	8.872520E-3
6.380000E2	1.000000E1	8.783867E-3
6.380000E2	1.200000E1	8.675760E-3
6.380000E2	1.400000E1	8.548280E-3
6.380000E2	1.600000E1	8.401452E-3
6.380000E2	1.800000E1	8.235217E-3
6.380000E2	2.000000E1	8.049388E-3
6.380000E2	2.200000E1	7.843596E-3
6.380000E2	2.400000E1	7.617225E-3
6.380000E2	2.600000E1	7.369340E-3
6.380000E2	2.800000E1	7.098593E-3
6.380000E2	3.000000E1	6.803131E-3
6.380000E2	3.200000E1	6.480573E-3
6.380000E2	3.400000E1	6.128308E-3
6.380000E2	3.600000E1	5.745345E-3
6.380000E2	3.800000E1	5.342676E-3
6.380000E2	4.000000E1	5.028526E-3
6.380000E2	4.200000E1	4.626126E-3
6.380000E2	4.400000E1	3.230082E-3
6.380000E2	4.600000E1	3.609591E-3
6.380000E2	4.800000E1	4.112897E-3
6.380000E2	5.000000E1	4.547247E-3
6.380000E2	5.200000E1	4.881662E-3
6.380000E2	5.400000E1	5.116502E-3
6.380000E2	5.600000E1	5.257988E-3
6.380000E2	5.800000E1	5.312282E-3
6.380000E2	6.000000E1	5.284276E-3
6.380000E2	6.200000E1	5.177684E-3
6.380000E2	6.400000E1	4.995514E-3
6.380000E2	6.600000E1	4.740695E-3
6.380000E2	6.800000E1	4.416786E-3
6.380000E2	7.000000E1	4.028782E-3
6.380000E2	7.200000E1	3.583974E-3
6.380000E2	7.400000E1	3.092846E-3
6.380000E2	7.600000E1	2.569869E-3
6.380000E2	7.800000E1	2.034030E-3
6.380000E2	8.000000E1	1.508838E-3
6.400000E2	0.000000E0	8.751882E-3
6.400000E2	2.000000E0	8.742283E-3
6.400000E2	4.000000E0	8.713506E-3
6.400000E2	6.000000E0	8.665600E-3
6.400000E2	8.000000E0	8.598644E-3
6.400000E2	1.000000E1	8.512729E-3
6.400000E2	1.200000E1	8.407945E-3
6.400000E2	1.400000E1	8.284359E-3
6.400000E2	1.600000E1	8.141985E-3
6.400000E2	1.800000E1	7.980753E-3
6.400000E2	2.000000E1	7.800466E-3
6.400000E2	2.200000E1	7.600749E-3
6.400000E2	2.400000E1	7.380989E-3
6.400000E2	2.600000E1	7.140256E-3
6.400000E2	2.800000E1	6.877215E-3
6.400000E2	3.000000E1	6.590036E-3
6.400000E2	3.200000E1	6.276353E-3
6.400000E2	3.400000E1	5.933541E-3
6.400000E2	3.600000E1	5.560445E-3
6.400000E2	3.800000E1	5.167213E-3
6.400000E2	4.000000E1	4.856594E-3
6.400000E2	4.200000E1	4.451094E-3
6.400000E2	4.400000E1	3.112674E-3
6.400000E2	4.600000E1	3.489389E-3
6.400000E2	4.800000E1	3.982739E-3
6.400000E2	5.000000E1	4.407315E-3
6.400000E2	5.200000E1	4.733708E-3
6.400000E2	5.400000E1	4.962596E-3
6.400000E2	5.600000E1	5.100214E-3
6.400000E2	5.800000E1	5.152686E-3
6.400000E2	6.000000E1	5.124877E-3
6.400000E2	6.200000E1	5.020504E-3
6.400000E2	6.400000E1	4.842597E-3
6.400000E2	6.600000E1	4.594119E-3
6.400000E2	6.800000E1	4.278653E-3
6.400000E2	7.000000E1	3.901180E-3
6.400000E2	7.200000E1	3.468909E-3
6.400000E2	7.400000E1	2.992132E-3
6.400000E2	7.600000E1	2.484971E-3
6.400000E2	7.800000E1	1.965875E-3
6.400000E2	8.000000E1	1.457598E-3
6.420000E2	0.000000E0	8.484707E-3
6.420000E2	2.000000E0	8.475405E-3
6.420000E2	4.000000E0	8.447513E-3
6.420000E2	6.000000E0	8.401078E-3
6.420000E2	8.000000E0	8.336172E-3
6.420000E2	1.000000E1	8.252877E-3
6.420000E2	1.200000E1	8.151272E-3
6.420000E2	1.400000E1	8.031413E-3
6.420000E2	1.600000E1	7.893302E-3
6.420000E2	1.800000E1	7.736860E-3
6.420000E2	2.000000E1	7.561881E-3
6.420000E2	2.200000E1	7.367987E-3
6.420000E2	2.400000E1	7.154564E-3
6.420000E2	2.600000E1	6.920691E-3
6.420000E2	2.800000E1	6.665047E-3
6.420000E2	3.000000E1	6.385822E-3
6.420000E2	3.200000E1	6.080670E-3
6.420000E2	3.400000E1	5.746953E-3
6.420000E2	3.600000E1	5.383367E-3
6.420000E2	3.800000E1	4.999269E-3
6.420000E2	4.000000E1	4.692239E-3
6.420000E2	4.200000E1	4.284151E-3
6.420000E2	4.400000E1	3.000806E-3
6.420000E2	4.600000E1	3.374584E-3
6.420000E2	4.800000E1	3.858200E-3
6.420000E2	5.000000E1	4.273270E-3
6.420000E2	5.200000E1	4.591875E-3
6.420000E2	5.400000E1	4.814988E-3
6.420000E2	5.600000E1	4.948857E-3
6.420000E2	5.800000E1	4.999560E-3
6.420000E2	6.000000E1	4.971940E-3
6.420000E2	6.200000E1	4.869707E-3
6.420000E2	6.400000E1	4.695914E-3
6.420000E2	6.600000E1	4.453553E-3
6.420000E2	6.800000E1	4.146225E-3
6.420000E2	7.000000E1	3.778894E-3
6.420000E2	7.200000E1	3.358687E-3
6.420000E2	7.400000E1	2.895701E-3
6.420000E2	7.600000E1	2.403726E-3
6.420000E2	7.800000E1	1.900688E-3
6.420000E2	8.000000E1	1.408616E-3
6.440000E2	0.000000E0	8.221017E-3
6.440000E2	2.000000E0	8.212005E-3
6.440000E2	4.000000E0	8.184985E-3
6.440000E2	6.000000E0	8.140000E-3
6.440000E2	8.000000E0	8.077113E-3
6.440000E2	1.000000E1	7.996399E-3
6.440000E2	1.200000E1	7.897928E-3
6.440000E2	1.400000E1	7.781744E-3
6.440000E2	1.600000E1	7.647839E-3
6.440000E2	1.800000E1	7.496125E-3
6.440000E2	2.000000E1	7.326389E-3
6.440000E2	2.200000E1	7.138250E-3
6.440000E2	2.400000E1	6.931097E-3
6.440000E2	2.600000E1	6.704016E-3
6.440000E2	2.800000E1	6.455704E-3
6.440000E2	3.000000E1	6.184371E-3
6.440000E2	3.200000E1	5.887695E-3
6.440000E2	3.400000E1	5.563033E-3
6.440000E2	3.600000E1	5.208943E-3
6.440000E2	3.800000E1	4.834031E-3
6.440000E2	4.000000E1	4.530914E-3
6.440000E2	4.200000E1	4.121182E-3
6.440000E2	4.400000E1	2.891520E-3
6.440000E2	4.600000E1	3.261881E-3
6.440000E2	4.800000E1	3.735548E-3
6.440000E2	5.000000E1	4.140999E-3
6.440000E2	5.200000E1	4.451757E-3
6.440000E2	5.400000E1	4.669072E-3
6.440000E2	5.600000E1	4.799186E-3
6.440000E2	5.800000E1	4.848134E-3
6.440000E2	6.000000E1	4.820720E-3
6.440000E2	6.200000E1	4.720649E-3
6.440000E2	6.400000E1	4.550988E-3
6.440000E2	6.600000E1	4.314750E-3
6.440000E2	6.800000E1	4.015547E-3
6.440000E2	7.000000E1	3.658318E-3
6.440000E2	7.200000E1	3.250097E-3
6.440000E2	7.400000E1	2.800787E-3
6.440000E2	7.600000E1	2.323833E-3
6.440000E2	7.800000E1	1.836646E-3
6.440000E2	8.000000E1	1.360537E-3
6.460000E2	0.000000E0	7.959622E-3
6.460000E2	2.000000E0	7.950898E-3
6.460000E2	4.000000E0	7.924741E-3
6.460000E2	6.000000E0	7.881189E-3
6.460000E2	8.000000E0	7.820300E-3
6.460000E2	1.000000E1	7.742141E-3
6.460000E2	1.200000E1	7.646773E-3
6.460000E2	1.400000E1	7.534229E-3
6.460000E2	1.600000E1	7.404494E-3
6.460000E2	1.800000E1	7.257469E-3
6.460000E2	2.000000E1	7.092936E-3
6.460000E2	2.200000E1	6.910512E-3
6.460000E2	2.400000E1	6.709590E-3
6.460000E2	2.600000E1	6.489266E-3
6.460000E2	2.800000E1	6.248254E-3
6.460000E2	3.000000E1	5.984789E-3
6.460000E2	3.200000E1	5.696575E-3
6.460000E2	3.400000E1	5.380970E-3
6.460000E2	3.600000E1	5.036408E-3
6.460000E2	3.800000E1	4.670783E-3
6.460000E2	4.000000E1	4.371929E-3
6.460000E2	4.200000E1	3.961457E-3
6.460000E2	4.400000E1	2.784341E-3
6.460000E2	4.600000E1	3.150781E-3
6.460000E2	4.800000E1	3.614230E-3
6.460000E2	5.000000E1	4.009905E-3
6.460000E2	5.200000E1	4.312722E-3
6.460000E2	5.400000E1	4.524186E-3
6.460000E2	5.600000E1	4.650528E-3
6.460000E2	5.800000E1	4.697724E-3
6.460000E2	6.000000E1	4.670539E-3
6.460000E2	6.200000E1	4.572663E-3
6.460000E2	6.400000E1	4.407172E-3
6.460000E2	6.600000E1	4.177090E-3
6.460000E2	6.800000E1	3.886036E-3
6.460000E2	7.000000E1	3.538915E-3
6.460000E2	7.200000E1	3.142658E-3
6.460000E2	7.400000E1	2.706965E-3
6.460000E2	7.600000E1	2.244936E-3
6.460000E2	7.800000E1	1.773463E-3
6.460000E2	8.000000E1	1.313147E-3
6.480000E2	0.000000E0	7.703841E-3
6.480000E2	2.000000E0	7.695399E-3
6.480000E2	4.000000E0	7.670084E-3
6.480000E2	6.000000E0	7.627933E-3
6.480000E2	8.000000E0	7.568997E-3
6.480000E2	1.000000E1	7.493336E-3
6.480000E2	1.200000E1	7.401001E-3
6.480000E2	1.400000E1	7.292018E-3
6.480000E2	1.600000E1	7.166362E-3
6.480000E2	1.800000E1	7.023927E-3
6.480000E2	2.000000E1	6.864490E-3
6.480000E2	2.200000E1	6.687668E-3
6.480000E2	2.400000E1	6.492857E-3
6.480000E2	2.600000E1	6.279164E-3
6.480000E2	2.800000E1	6.045322E-3
6.480000E2	3.000000E1	5.789594E-3
6.480000E2	3.200000E1	5.509710E-3
6.480000E2	3.400000E1	5.203034E-3
6.480000E2	3.600000E1	4.867889E-3
6.480000E2	3.800000E1	4.511493E-3
6.480000E2	4.000000E1	4.217077E-3
6.480000E2	4.200000E1	3.807363E-3
6.480000E2	4.400000E1	2.680326E-3
6.480000E2	4.600000E1	3.042451E-3
6.480000E2	4.800000E1	3.495625E-3
6.480000E2	5.000000E1	3.881555E-3
6.480000E2	5.200000E1	4.176490E-3
6.480000E2	5.400000E1	4.382166E-3
6.480000E2	5.600000E1	4.504793E-3
6.480000E2	5.800000E1	4.550283E-3
6.480000E2	6.000000E1	4.523356E-3
6.480000E2	6.200000E1	4.427685E-3
6.480000E2	6.400000E1	4.266345E-3
6.480000E2	6.600000E1	4.042372E-3
6.480000E2	6.800000E1	3.759379E-3
6.480000E2	7.000000E1	3.422230E-3
6.480000E2	7.200000E1	3.037751E-3
6.480000E2	7.400000E1	2.615433E-3
6.480000E2	7.600000E1	2.168034E-3
6.480000E2	7.800000E1	1.711933E-3
6.480000E2	8.000000E1	1.267036E-3
6.500000E2	0.000000E0	7.452431E-3
6.500000E2	2.000000E0	7.444264E-3
6.500000E2	4.000000E0	7.419776E-3
6.500000E2	6.000000E0	7.378999E-3
6.500000E2	8.000000E0	7.321980E-3
6.500000E2	1.000000E1	7.248770E-3
6.500000E2	1.200000E1	7.159414E-3
6.500000E2	1.400000E1	7.053929E-3
6.500000E2	1.600000E1	6.932282E-3
6.500000E2	1.800000E1	6.794359E-3
6.500000E2	2.000000E1	6.639936E-3
6.500000E2	2.200000E1	6.468628E-3
6.500000E2	2.400000E1	6.279836E-3
6.500000E2	2.600000E1	6.072680E-3
6.500000E2	2.800000E1	5.845914E-3
6.500000E2	3.000000E1	5.597826E-3
6.500000E2	3.200000E1	5.326179E-3
6.500000E2	3.400000E1	5.028345E-3
6.500000E2	3.600000E1	4.702550E-3
6.500000E2	3.800000E1	4.355375E-3
6.500000E2	4.000000E1	4.065666E-3
6.500000E2	4.200000E1	3.656936E-3
6.500000E2	4.400000E1	2.579086E-3
6.500000E2	4.600000E1	2.936564E-3
6.500000E2	4.800000E1	3.379340E-3
6.500000E2	5.000000E1	3.755481E-3
6.500000E2	5.200000E1	4.042520E-3
6.500000E2	5.400000E1	4.242410E-3
6.500000E2	5.600000E1	4.361329E-3
6.500000E2	5.800000E1	4.405122E-3
6.500000E2	6.000000E1	4.378458E-3
6.500000E2	6.200000E1	4.284987E-3
6.500000E2	6.400000E1	4.127781E-3
6.500000E2	6.600000E1	3.909877E-3
6.500000E2	6.800000E1	3.634879E-3
6.500000E2	7.000000E1	3.307604E-3
6.500000E2	7.200000E1	2.934767E-3
6.500000E2	7.400000E1	2.525647E-3
6.500000E2	7.600000E1	2.092658E-3
6.500000E2	7.800000E1	1.651669E-3
6.500000E2	8.000000E1	1.221909E-3
6.520000E2	0.000000E0	7.203027E-3
6.520000E2	2.000000E0	7.195134E-3
6.520000E2	4.000000E0	7.171465E-3
6.520000E2	6.000000E0	7.132049E-3
6.520000E2	8.000000E0	7.076928E-3
6.520000E2	1.000000E1	7.006148E-3
6.520000E2	1.200000E1	6.919746E-3
6.520000E2	1.400000E1	6.817730E-3
6.520000E2	1.600000E1	6.700060E-3
6.520000E2	1.800000E1	6.566618E-3
6.520000E2	2.000000E1	6.417176E-3
6.520000E2	2.200000E1	6.251348E-3
6.520000E2	2.400000E1	6.068545E-3
6.520000E2	2.600000E1	5.867898E-3
6.520000E2	2.800000E1	5.648183E-3
6.520000E2	3.000000E1	5.407718E-3
6.520000E2	3.200000E1	5.144298E-3
6.520000E2	3.400000E1	4.855314E-3
6.520000E2	3.600000E1	4.538900E-3
6.520000E2	3.800000E1	4.201039E-3
6.520000E2	4.000000E1	3.916343E-3
6.520000E2	4.200000E1	3.509580E-3
6.520000E2	4.400000E1	2.479678E-3
6.520000E2	4.600000E1	2.832040E-3
6.520000E2	4.800000E1	3.264182E-3
6.520000E2	5.000000E1	3.630400E-3
6.520000E2	5.200000E1	3.909468E-3
6.520000E2	5.400000E1	4.103537E-3
6.520000E2	5.600000E1	4.218741E-3
6.520000E2	5.800000E1	4.260850E-3
6.520000E2	6.000000E1	4.234478E-3
6.520000E2	6.200000E1	4.143244E-3
6.520000E2	6.400000E1	3.990211E-3
6.520000E2	6.600000E1	3.778413E-3
6.520000E2	6.800000E1	3.511434E-3
6.520000E2	7.000000E1	3.194040E-3
6.520000E2	7.200000E1	2.832824E-3
6.520000E2	7.400000E1	2.436849E-3
6.520000E2	7.600000E1	2.018179E-3
6.520000E2	7.800000E1	1.592180E-3
6.520000E2	8.000000E1	1.177400E-3
6.540000E2	0.000000E0	6.953721E-3
6.540000E2	2.000000E0	6.946101E-3
6.540000E2	4.000000E0	6.923250E-3
6.540000E2	6.000000E0	6.885193E-3
6.540000E2	8.000000E0	6.831969E-3
6.540000E2	1.000000E1	6.763616E-3
6.540000E2	1.200000E1	6.680165E-3
6.540000E2	1.400000E1	6.581617E-3
6.540000E2	1.600000E1	6.467926E-3
6.540000E2	1.800000E1	6.338969E-3
6.540000E2	2.000000E1	6.194515E-3
6.540000E2	2.200000E1	6.034182E-3
6.540000E2	2.400000E1	5.857386E-3
6.540000E2	2.600000E1	5.663274E-3
6.540000E2	2.800000E1	5.450645E-3
6.540000E2	3.000000E1	5.217850E-3
6.540000E2	3.200000E1	4.962721E-3
6.540000E2	3.400000E1	4.682668E-3
6.540000E2	3.600000E1	4.375754E-3
6.540000E2	3.800000E1	4.047387E-3
6.540000E2	4.000000E1	3.768075E-3
6.540000E2	4.200000E1	3.364471E-3
6.540000E2	4.400000E1	2.381419E-3
6.540000E2	4.600000E1	2.728101E-3
6.540000E2	4.800000E1	3.149264E-3
6.540000E2	5.000000E1	3.505333E-3
6.540000E2	5.200000E1	3.776288E-3
6.540000E2	5.400000E1	3.964452E-3
6.540000E2	5.600000E1	4.075909E-3
6.540000E2	5.800000E1	4.116342E-3
6.540000E2	6.000000E1	4.090301E-3
6.540000E2	6.200000E1	4.001371E-3
6.540000E2	6.400000E1	3.852595E-3
6.540000E2	6.600000E1	3.646996E-3
6.540000E2	6.800000E1	3.388135E-3
6.540000E2	7.000000E1	3.080712E-3
6.540000E2	7.200000E1	2.731193E-3
6.540000E2	7.400000E1	2.348414E-3
6.540000E2	7.600000E1	1.944084E-3
6.540000E2	7.800000E1	1.533057E-3
6.540000E2	8.000000E1	1.133210E-3
6.560000E2	0.000000E0	6.708338E-3
6.560000E2	2.000000E0	6.700986E-3
6.560000E2	4.000000E0	6.678938E-3
6.560000E2	6.000000E0	6.642218E-3
6.560000E2	8.000000E0	6.590859E-3
6.560000E2	1.000000E1	6.524894E-3
6.560000E2	1.200000E1	6.444348E-3
6.560000E2	1.400000E1	6.349215E-3
6.560000E2	1.600000E1	6.239442E-3
6.560000E2	1.800000E1	6.114904E-3
6.560000E2	2.000000E1	5.975368E-3
6.560000E2	2.200000E1	5.820454E-3
6.560000E2	2.400000E1	5.649588E-3
6.560000E2	2.600000E1	5.461933E-3
6.560000E2	2.800000E1	5.256310E-3
6.560000E2	3.000000E1	5.031106E-3
6.560000E2	3.200000E1	4.784189E-3
6.560000E2	3.400000E1	4.513000E-3
6.560000E2	3.600000E1	4.215532E-3
6.560000E2	3.800000E1	3.896659E-3
6.560000E2	4.000000E1	3.622929E-3
6.560000E2	4.200000E1	3.223728E-3
6.560000E2	4.400000E1	2.285566E-3
6.560000E2	4.600000E1	2.626183E-3
6.560000E2	4.800000E1	3.036261E-3
6.560000E2	5.000000E1	3.382165E-3
6.560000E2	5.200000E1	3.645024E-3
6.560000E2	5.400000E1	3.827319E-3
6.560000E2	5.600000E1	3.935067E-3
6.560000E2	5.800000E1	3.973864E-3
6.560000E2	6.000000E1	3.948189E-3
6.560000E2	6.200000E1	3.861585E-3
6.560000E2	6.400000E1	3.717076E-3
6.560000E2	6.600000E1	3.517664E-3
6.560000E2	6.800000E1	3.266879E-3
6.560000E2	7.000000E1	2.969352E-3
6.560000E2	7.200000E1	2.631412E-3
6.560000E2	7.400000E1	2.261667E-3
6.560000E2	7.600000E1	1.871470E-3
6.560000E2	7.800000E1	1.475170E-3
6.560000E2	8.000000E1	1.089980E-3
6.580000E2	0.000000E0	6.465653E-3
6.580000E2	2.000000E0	6.458566E-3
6.580000E2	4.000000E0	6.437312E-3
6.580000E2	6.000000E0	6.401913E-3
6.580000E2	8.000000E0	6.352396E-3
6.580000E2	1.000000E1	6.288792E-3
6.580000E2	1.200000E1	6.211117E-3
6.580000E2	1.400000E1	6.119360E-3
6.580000E2	1.600000E1	6.013465E-3
6.580000E2	1.800000E1	5.893301E-3
6.580000E2	2.000000E1	5.758635E-3
6.580000E2	2.200000E1	5.609092E-3
6.580000E2	2.400000E1	5.444106E-3
6.580000E2	2.600000E1	5.262857E-3
6.580000E2	2.800000E1	5.064192E-3
6.580000E2	3.000000E1	4.846533E-3
6.580000E2	3.200000E1	4.607789E-3
6.580000E2	3.400000E1	4.345431E-3
6.580000E2	3.600000E1	4.057401E-3
6.580000E2	3.800000E1	3.748064E-3
6.580000E2	4.000000E1	3.480187E-3
6.580000E2	4.200000E1	3.085619E-3
6.580000E2	4.400000E1	2.191709E-3
6.580000E2	4.600000E1	2.525922E-3
6.580000E2	4.800000E1	2.924752E-3
6.580000E2	5.000000E1	3.260405E-3
6.580000E2	5.200000E1	3.515125E-3
6.580000E2	5.400000E1	3.691531E-3
6.580000E2	5.600000E1	3.795568E-3
6.580000E2	5.800000E1	3.832734E-3
6.580000E2	6.000000E1	3.807438E-3
6.580000E2	6.200000E1	3.723173E-3
6.580000E2	6.400000E1	3.582937E-3
6.580000E2	6.600000E1	3.389709E-3
6.580000E2	6.800000E1	3.146981E-3
6.580000E2	7.000000E1	2.859307E-3
6.580000E2	7.200000E1	2.532878E-3
6.580000E2	7.400000E1	2.176066E-3
6.580000E2	7.600000E1	1.799869E-3
6.580000E2	7.800000E1	1.418133E-3
6.580000E2	8.000000E1	1.047416E-3
6.600000E2	0.000000E0	6.230082E-3
6.600000E2	2.000000E0	6.223252E-3
6.600000E2	4.000000E0	6.202768E-3
6.600000E2	6.000000E0	6.168649E-3
6.600000E2	8.000000E0	6.120920E-3
6.600000E2	1.000000E1	6.059606E-3
6.600000E2	1.200000E1	5.984717E-3
6.600000E2	1.400000E1	5.896238E-3
6.600000E2	1.600000E1	5.794107E-3
6.600000E2	1.800000E1	5.678192E-3
6.600000E2	2.000000E1	5.548259E-3
6.600000E2	2.200000E1	5.403937E-3
6.600000E2	2.400000E1	5.244670E-3
6.600000E2	2.600000E1	5.069656E-3
6.600000E2	2.800000E1	4.877767E-3
6.600000E2	3.000000E1	4.667460E-3
6.600000E2	3.200000E1	4.436688E-3
6.600000E2	3.400000E1	4.182953E-3
6.600000E2	3.600000E1	3.904154E-3
6.600000E2	3.800000E1	3.604183E-3
6.600000E2	4.000000E1	3.342212E-3
6.600000E2	4.200000E1	2.952784E-3
6.600000E2	4.400000E1	2.101270E-3
6.600000E2	4.600000E1	2.428937E-3
6.600000E2	4.800000E1	2.816641E-3
6.600000E2	5.000000E1	3.142207E-3
6.600000E2	5.200000E1	3.388935E-3
6.600000E2	5.400000E1	3.559571E-3
6.600000E2	5.600000E1	3.659981E-3
6.600000E2	5.800000E1	3.695566E-3
6.600000E2	6.000000E1	3.670657E-3
6.600000E2	6.200000E1	3.588699E-3
6.600000E2	6.400000E1	3.452659E-3
6.600000E2	6.600000E1	3.265490E-3
6.600000E2	6.800000E1	3.030640E-3
6.600000E2	7.000000E1	2.752587E-3
6.600000E2	7.200000E1	2.437378E-3
6.600000E2	7.400000E1	2.093155E-3
6.600000E2	7.600000E1	1.730564E-3
6.600000E2	7.800000E1	1.362961E-3
6.600000E2	8.000000E1	1.006270E-3
6.620000E2	0.000000E0	6.001461E-3
6.620000E2	2.000000E0	5.994880E-3
6.620000E2	4.000000E0	5.975143E-3
6.620000E2	6.000000E0	5.942266E-3
6.620000E2	8.000000E0	5.896271E-3
6.620000E2	1.000000E1	5.837177E-3
6.620000E2	1.200000E1	5.764992E-3
6.620000E2	1.400000E1	5.679694E-3
6.620000E2	1.600000E1	5.581218E-3
6.620000E2	1.800000E1	5.469428E-3
6.620000E2	2.000000E1	5.344094E-3
6.620000E2	2.200000E1	5.204847E-3
6.620000E2	2.400000E1	5.051142E-3
6.620000E2	2.600000E1	4.882194E-3
6.620000E2	2.800000E1	4.696902E-3
6.620000E2	3.000000E1	4.493758E-3
6.620000E2	3.200000E1	4.270758E-3
6.620000E2	3.400000E1	4.025441E-3
6.620000E2	3.600000E1	3.755667E-3
6.620000E2	3.800000E1	3.464889E-3
6.620000E2	4.000000E1	3.208863E-3
6.620000E2	4.200000E1	2.825027E-3
6.620000E2	4.400000E1	2.014128E-3
6.620000E2	4.600000E1	2.335130E-3
6.620000E2	4.800000E1	2.711840E-3
6.620000E2	5.000000E1	3.027485E-3
6.620000E2	5.200000E1	3.266374E-3
6.620000E2	5.400000E1	3.431361E-3
6.620000E2	5.600000E1	3.528231E-3
6.620000E2	5.800000E1	3.562283E-3
6.620000E2	6.000000E1	3.537770E-3
6.620000E2	6.200000E1	3.458087E-3
6.620000E2	6.400000E1	3.326166E-3
6.620000E2	6.600000E1	3.144929E-3
6.620000E2	6.800000E1	2.917781E-3
6.620000E2	7.000000E1	2.649116E-3
6.620000E2	7.200000E1	2.344842E-3
6.620000E2	7.400000E1	2.012867E-3
6.620000E2	7.600000E1	1.663495E-3
6.620000E2	7.800000E1	1.309604E-3
6.620000E2	8.000000E1	9.665019E-4
6.640000E2	0.000000E0	5.777095E-3
6.640000E2	2.000000E0	5.770759E-3
6.640000E2	4.000000E0	5.751754E-3
6.640000E2	6.000000E0	5.720095E-3
6.640000E2	8.000000E0	5.675800E-3
6.640000E2	1.000000E1	5.618886E-3
6.640000E2	1.200000E1	5.549353E-3
6.640000E2	1.400000E1	5.467179E-3
6.640000E2	1.600000E1	5.372292E-3
6.640000E2	1.800000E1	5.264556E-3
6.640000E2	2.000000E1	5.143742E-3
6.640000E2	2.200000E1	5.009486E-3
6.640000E2	2.400000E1	4.861255E-3
6.640000E2	2.600000E1	4.698280E-3
6.640000E2	2.800000E1	4.519488E-3
6.640000E2	3.000000E1	4.323407E-3
6.640000E2	3.200000E1	4.108079E-3
6.640000E2	3.400000E1	3.871081E-3
6.640000E2	3.600000E1	3.610245E-3
6.640000E2	3.800000E1	3.328611E-3
6.640000E2	4.000000E1	3.078670E-3
6.640000E2	4.200000E1	2.701003E-3
6.640000E2	4.400000E1	1.929334E-3
6.640000E2	4.600000E1	2.243429E-3
6.640000E2	4.800000E1	2.609120E-3
6.640000E2	5.000000E1	2.914880E-3
6.640000E2	5.200000E1	3.145981E-3
6.640000E2	5.400000E1	3.305370E-3
6.640000E2	5.600000E1	3.398744E-3
6.640000E2	5.800000E1	3.431296E-3
6.640000E2	6.000000E1	3.407198E-3
6.640000E2	6.200000E1	3.329791E-3
6.640000E2	6.400000E1	3.201968E-3
6.640000E2	6.600000E1	3.026617E-3
6.640000E2	6.800000E1	2.807092E-3
6.640000E2	7.000000E1	2.547701E-3
6.640000E2	7.200000E1	2.254208E-3
6.640000E2	7.400000E1	1.934288E-3
6.640000E2	7.600000E1	1.597903E-3
6.640000E2	7.800000E1	1.257460E-3
6.640000E2	8.000000E1	9.276663E-4
6.660000E2	0.000000E0	5.556322E-3
6.660000E2	2.000000E0	5.550226E-3
6.660000E2	4.000000E0	5.531941E-3
6.660000E2	6.000000E0	5.501480E-3
6.660000E2	8.000000E0	5.458859E-3
6.660000E2	1.000000E1	5.404088E-3
6.660000E2	1.200000E1	5.337167E-3
6.660000E2	1.400000E1	5.258066E-3
6.660000E2	1.600000E1	5.166714E-3
6.660000E2	1.800000E1	5.062973E-3
6.660000E2	2.000000E1	4.946614E-3
6.660000E2	2.200000E1	4.817281E-3
6.660000E2	2.400000E1	4.674451E-3
6.660000E2	2.600000E1	4.517374E-3
6.660000E2	2.800000E1	4.345005E-3
6.660000E2	3.000000E1	4.155909E-3
6.660000E2	3.200000E1	3.948173E-3
6.660000E2	3.400000E1	3.719419E-3
6.660000E2	3.600000E1	3.467457E-3
6.660000E2	3.800000E1	3.194943E-3
6.660000E2	4.000000E1	2.951240E-3
6.660000E2	4.200000E1	2.580311E-3
6.660000E2	4.400000E1	1.846617E-3
6.660000E2	4.600000E1	2.153550E-3
6.660000E2	4.800000E1	2.508172E-3
6.660000E2	5.000000E1	2.804057E-3
6.660000E2	5.200000E1	3.027400E-3
6.660000E2	5.400000E1	3.181229E-3
6.660000E2	5.600000E1	3.271142E-3
6.660000E2	5.800000E1	3.302225E-3
6.660000E2	6.000000E1	3.278563E-3
6.660000E2	6.200000E1	3.203439E-3
6.660000E2	6.400000E1	3.079704E-3
6.660000E2	6.600000E1	2.910206E-3
6.660000E2	6.800000E1	2.698245E-3
6.660000E2	7.000000E1	2.448040E-3
6.660000E2	7.200000E1	2.165204E-3
6.660000E2	7.400000E1	1.857179E-3
6.660000E2	7.600000E1	1.533586E-3
6.660000E2	7.800000E1	1.206370E-3
6.660000E2	8.000000E1	8.896415E-4
6.680000E2	0.000000E0	5.341052E-3
6.680000E2	2.000000E0	5.335189E-3
6.680000E2	4.000000E0	5.317607E-3
6.680000E2	6.000000E0	5.288313E-3
6.680000E2	8.000000E0	5.247323E-3
6.680000E2	1.000000E1	5.194643E-3
6.680000E2	1.200000E1	5.130268E-3
6.680000E2	1.400000E1	5.054167E-3
6.680000E2	1.600000E1	4.966264E-3
6.680000E2	1.800000E1	4.866422E-3
6.680000E2	2.000000E1	4.754414E-3
6.680000E2	2.200000E1	4.629890E-3
6.680000E2	2.400000E1	4.492340E-3
6.680000E2	2.600000E1	4.341031E-3
6.680000E2	2.800000E1	4.174947E-3
6.680000E2	3.000000E1	3.992691E-3
6.680000E2	3.200000E1	3.792397E-3
6.680000E2	3.400000E1	3.571731E-3
6.680000E2	3.600000E1	3.328490E-3
6.680000E2	3.800000E1	3.064974E-3
6.680000E2	4.000000E1	2.827568E-3
6.680000E2	4.200000E1	2.463779E-3
6.680000E2	4.400000E1	1.766578E-3
6.680000E2	4.600000E1	2.066216E-3
6.680000E2	4.800000E1	2.409850E-3
6.680000E2	5.000000E1	2.695980E-3
6.680000E2	5.200000E1	2.911679E-3
6.680000E2	5.400000E1	3.060040E-3
6.680000E2	5.600000E1	3.146562E-3
6.680000E2	5.800000E1	3.176218E-3
6.680000E2	6.000000E1	3.153005E-3
6.680000E2	6.200000E1	3.080145E-3
6.680000E2	6.400000E1	2.960445E-3
6.680000E2	6.600000E1	2.796709E-3
6.680000E2	6.800000E1	2.592180E-3
6.680000E2	7.000000E1	2.350983E-3
6.680000E2	7.200000E1	2.078580E-3
6.680000E2	7.400000E1	1.782182E-3
6.680000E2	7.600000E1	1.471075E-3
6.680000E2	7.800000E1	1.156746E-3
6.680000E2	8.000000E1	8.527321E-4
6.700000E2	0.000000E0	5.135629E-3
6.700000E2	2.000000E0	5.129990E-3
6.700000E2	4.000000E0	5.113076E-3
6.700000E2	6.000000E0	5.084896E-3
6.700000E2	8.000000E0	5.045460E-3
6.700000E2	1.000000E1	4.994774E-3
6.700000E2	1.200000E1	4.932828E-3
6.700000E2	1.400000E1	4.859588E-3
6.700000E2	1.600000E1	4.774977E-3
6.700000E2	1.800000E1	4.678856E-3
6.700000E2	2.000000E1	4.571002E-3
6.700000E2	2.200000E1	4.451071E-3
6.700000E2	2.400000E1	4.318564E-3
6.700000E2	2.600000E1	4.172768E-3
6.700000E2	2.800000E1	4.012692E-3
6.700000E2	3.000000E1	3.836977E-3
6.700000E2	3.200000E1	3.643804E-3
6.700000E2	3.400000E1	3.430882E-3
6.700000E2	3.600000E1	3.196002E-3
6.700000E2	3.800000E1	2.941133E-3
6.700000E2	4.000000E1	2.709886E-3
6.700000E2	4.200000E1	2.352784E-3
6.700000E2	4.400000E1	1.690632E-3
6.700000E2	4.600000E1	1.983153E-3
6.700000E2	4.800000E1	2.316177E-3
6.700000E2	5.000000E1	2.592906E-3
6.700000E2	5.200000E1	2.801246E-3
6.700000E2	5.400000E1	2.944347E-3
6.700000E2	5.600000E1	3.027606E-3
6.700000E2	5.800000E1	3.055886E-3
6.700000E2	6.000000E1	3.033102E-3
6.700000E2	6.200000E1	2.962412E-3
6.700000E2	6.400000E1	2.846578E-3
6.700000E2	6.600000E1	2.688364E-3
6.700000E2	6.800000E1	2.490951E-3
6.700000E2	7.000000E1	2.258376E-3
6.700000E2	7.200000E1	1.995953E-3
6.700000E2	7.400000E1	1.710669E-3
6.700000E2	7.600000E1	1.411487E-3
6.700000E2	7.800000E1	1.109460E-3
6.700000E2	8.000000E1	8.175739E-4
6.720000E2	0.000000E0	4.937770E-3
6.720000E2	2.000000E0	4.932346E-3
6.720000E2	4.000000E0	4.916076E-3
6.720000E2	6.000000E0	4.888969E-3
6.720000E2	8.000000E0	4.851031E-3
6.720000E2	1.000000E1	4.802265E-3
6.720000E2	1.200000E1	4.742659E-3
6.720000E2	1.400000E1	4.672176E-3
6.720000E2	1.600000E1	4.590738E-3
6.720000E2	1.800000E1	4.498205E-3
6.720000E2	2.000000E1	4.394358E-3
6.720000E2	2.200000E1	4.278859E-3
6.720000E2	2.400000E1	4.151219E-3
6.720000E2	2.600000E1	4.010747E-3
6.720000E2	2.800000E1	3.856477E-3
6.720000E2	3.000000E1	3.687086E-3
6.720000E2	3.200000E1	3.500802E-3
6.720000E2	3.400000E1	3.295379E-3
6.720000E2	3.600000E1	3.068605E-3
6.720000E2	3.800000E1	2.822144E-3
6.720000E2	4.000000E1	2.596967E-3
6.720000E2	4.200000E1	2.247238E-3
6.720000E2	4.400000E1	1.617893E-3
6.720000E2	4.600000E1	1.903292E-3
6.720000E2	4.800000E1	2.225958E-3
6.720000E2	5.000000E1	2.493551E-3
6.720000E2	5.200000E1	2.694756E-3
6.720000E2	5.400000E1	2.832768E-3
6.720000E2	5.600000E1	2.912884E-3
6.720000E2	5.800000E1	2.939856E-3
6.720000E2	6.000000E1	2.917513E-3
6.720000E2	6.200000E1	2.848953E-3
6.720000E2	6.400000E1	2.736890E-3
6.720000E2	6.600000E1	2.584042E-3
6.720000E2	6.800000E1	2.393533E-3
6.720000E2	7.000000E1	2.169305E-3
6.720000E2	7.200000E1	1.916529E-3
6.720000E2	7.400000E1	1.641973E-3
6.720000E2	7.600000E1	1.354284E-3
6.720000E2	7.800000E1	1.064095E-3
6.720000E2	8.000000E1	7.838641E-4
6.740000E2	0.000000E0	4.751108E-3
6.740000E2	2.000000E0	4.745886E-3
6.740000E2	4.000000E0	4.730224E-3
6.740000E2	6.000000E0	4.704127E-3
6.740000E2	8.000000E0	4.667601E-3
6.740000E2	1.000000E1	4.620646E-3
6.740000E2	1.200000E1	4.563248E-3
6.740000E2	1.400000E1	4.495366E-3
6.740000E2	1.600000E1	4.416920E-3
6.740000E2	1.800000E1	4.327774E-3
6.740000E2	2.000000E1	4.227707E-3
6.740000E2	2.200000E1	4.116392E-3
6.740000E2	2.400000E1	3.993350E-3
6.740000E2	2.600000E1	3.857905E-3
6.740000E2	2.800000E1	3.709120E-3
6.740000E2	3.000000E1	3.545707E-3
6.740000E2	3.200000E1	3.365936E-3
6.740000E2	3.400000E1	3.167607E-3
6.740000E2	3.600000E1	2.948508E-3
6.740000E2	3.800000E1	2.710022E-3
6.740000E2	4.000000E1	2.490661E-3
6.740000E2	4.200000E1	2.148148E-3
6.740000E2	4.400000E1	1.549534E-3
6.740000E2	4.600000E1	1.828088E-3
6.740000E2	4.800000E1	2.140899E-3
6.740000E2	5.000000E1	2.399818E-3
6.740000E2	5.200000E1	2.594255E-3
6.740000E2	5.400000E1	2.727445E-3
6.740000E2	5.600000E1	2.804584E-3
6.740000E2	5.800000E1	2.830322E-3
6.740000E2	6.000000E1	2.808402E-3
6.740000E2	6.200000E1	2.741864E-3
6.740000E2	6.400000E1	2.633377E-3
6.740000E2	6.600000E1	2.485614E-3
6.740000E2	6.800000E1	2.301641E-3
6.740000E2	7.000000E1	2.085312E-3
6.740000E2	7.200000E1	1.841656E-3
6.740000E2	7.400000E1	1.577234E-3
6.740000E2	7.600000E1	1.300395E-3
6.740000E2	7.800000E1	1.021373E-3
6.740000E2	8.000000E1	7.521293E-4
6.760000E2	0.000000E0	4.571298E-3
6.760000E2	2.000000E0	4.566272E-3
6.760000E2	4.000000E0	4.551195E-3
6.760000E2	6.000000E0	4.526071E-3
6.760000E2	8.000000E0	4.490905E-3
6.760000E2	1.000000E1	4.445694E-3
6.760000E2	1.200000E1	4.390422E-3
6.760000E2	1.400000E1	4.325046E-3
6.760000E2	1.600000E1	4.249485E-3
6.760000E2	1.800000E1	4.163603E-3
6.760000E2	2.000000E1	4.067183E-3
6.760000E2	2.200000E1	3.959904E-3
6.760000E2	2.400000E1	3.841298E-3
6.760000E2	2.600000E1	3.710708E-3
6.760000E2	2.800000E1	3.567221E-3
6.760000E2	3.000000E1	3.409584E-3
6.760000E2	3.200000E1	3.236110E-3
6.760000E2	3.400000E1	3.044647E-3
6.760000E2	3.600000E1	2.832985E-3
6.760000E2	3.800000E1	2.602247E-3
6.760000E2	4.000000E1	2.388624E-3
6.760000E2	4.200000E1	2.053396E-3
6.760000E2	4.400000E1	1.484075E-3
6.760000E2	4.600000E1	1.755840E-3
6.760000E2	4.800000E1	2.059036E-3
6.760000E2	5.000000E1	2.309519E-3
6.760000E2	5.200000E1	2.497385E-3
6.760000E2	5.400000E1	2.625901E-3
6.760000E2	5.600000E1	2.700162E-3
6.760000E2	5.800000E1	2.724712E-3
6.760000E2	6.000000E1	2.703215E-3
6.760000E2	6.200000E1	2.638648E-3
6.760000E2	6.400000E1	2.533635E-3
6.760000E2	6.600000E1	2.390804E-3
6.760000E2	6.800000E1	2.213161E-3
6.760000E2	7.000000E1	2.004471E-3
6.760000E2	7.200000E1	1.769628E-3
6.760000E2	7.400000E1	1.514985E-3
6.760000E2	7.600000E1	1.248604E-3
6.760000E2	7.800000E1	9.803359E-4
6.760000E2	8.000000E1	7.216602E-4
6.780000E2	0.000000E0	4.401287E-3
6.780000E2	2.000000E0	4.396445E-3
6.780000E2	4.000000E0	4.381920E-3
6.780000E2	6.000000E0	4.357716E-3
6.780000E2	8.000000E0	4.323835E-3
6.780000E2	1.000000E1	4.280273E-3
6.780000E2	1.200000E1	4.227010E-3
6.780000E2	1.400000E1	4.164002E-3
6.780000E2	1.600000E1	4.091169E-3
6.780000E2	1.800000E1	4.008373E-3
6.780000E2	2.000000E1	3.915402E-3
6.780000E2	2.200000E1	3.811939E-3
6.780000E2	2.400000E1	3.697531E-3
6.780000E2	2.600000E1	3.571535E-3
6.780000E2	2.800000E1	3.433063E-3
6.780000E2	3.000000E1	3.280895E-3
6.780000E2	3.200000E1	3.113388E-3
6.780000E2	3.400000E1	2.928431E-3
6.780000E2	3.600000E1	2.723822E-3
6.780000E2	3.800000E1	2.500446E-3
6.780000E2	4.000000E1	2.292341E-3
6.780000E2	4.200000E1	1.963854E-3
6.780000E2	4.400000E1	1.422456E-3
6.780000E2	4.600000E1	1.687713E-3
6.780000E2	4.800000E1	1.981741E-3
6.780000E2	5.000000E1	2.224190E-3
6.780000E2	5.200000E1	2.405801E-3
6.780000E2	5.400000E1	2.529867E-3
6.780000E2	5.600000E1	2.601388E-3
6.780000E2	5.800000E1	2.624805E-3
6.780000E2	6.000000E1	2.603704E-3
6.780000E2	6.200000E1	2.541005E-3
6.780000E2	6.400000E1	2.439285E-3
6.780000E2	6.600000E1	2.301129E-3
6.780000E2	6.800000E1	2.129486E-3
6.780000E2	7.000000E1	1.928035E-3
6.780000E2	7.200000E1	1.701538E-3
6.780000E2	7.400000E1	1.456154E-3
6.780000E2	7.600000E1	1.199670E-3
6.780000E2	7.800000E1	9.415715E-4
6.780000E2	8.000000E1	6.928860E-4
6.800000E2	0.000000E0	4.238191E-3
6.800000E2	2.000000E0	4.233526E-3
6.800000E2	4.000000E0	4.219531E-3
6.800000E2	6.000000E0	4.196210E-3
6.800000E2	8.000000E0	4.163562E-3
6.800000E2	1.000000E1	4.121581E-3
6.800000E2	1.200000E1	4.070246E-3
6.800000E2	1.400000E1	4.009512E-3
6.800000E2	1.600000E1	3.939296E-3
6.800000E2	1.800000E1	3.859464E-3
6.800000E2	2.000000E1	3.769806E-3
6.800000E2	2.200000E1	3.670012E-3
6.800000E2	2.400000E1	3.559637E-3
6.800000E2	2.600000E1	3.438059E-3
6.800000E2	2.800000E1	3.304412E-3
6.800000E2	3.000000E1	3.157508E-3
6.800000E2	3.200000E1	2.995746E-3
6.800000E2	3.400000E1	2.817058E-3
6.800000E2	3.600000E1	2.619254E-3
6.800000E2	3.800000E1	2.402998E-3
6.800000E2	4.000000E1	2.200284E-3
6.800000E2	4.200000E1	1.878961E-3
6.800000E2	4.400000E1	1.363621E-3
6.800000E2	4.600000E1	1.622445E-3
6.800000E2	4.800000E1	1.907583E-3
6.800000E2	5.000000E1	2.142268E-3
6.800000E2	5.200000E1	2.317849E-3
6.800000E2	5.400000E1	2.437635E-3
6.800000E2	5.600000E1	2.506528E-3
6.800000E2	5.800000E1	2.528872E-3
6.800000E2	6.000000E1	2.508174E-3
6.800000E2	6.200000E1	2.447295E-3
6.800000E2	6.400000E1	2.348769E-3
6.800000E2	6.600000E1	2.215132E-3
6.800000E2	6.800000E1	2.049280E-3
6.800000E2	7.000000E1	1.854804E-3
6.800000E2	7.200000E1	1.636338E-3
6.800000E2	7.400000E1	1.399851E-3
6.800000E2	7.600000E1	1.152864E-3
6.800000E2	7.800000E1	9.045136E-4
6.800000E2	8.000000E1	6.653928E-4
6.820000E2	0.000000E0	4.088743E-3
6.820000E2	2.000000E0	4.084240E-3
6.820000E2	4.000000E0	4.070730E-3
6.820000E2	6.000000E0	4.048216E-3
6.820000E2	8.000000E0	4.016696E-3
6.820000E2	1.000000E1	3.976162E-3
6.820000E2	1.200000E1	3.926592E-3
6.820000E2	1.400000E1	3.867939E-3
6.820000E2	1.600000E1	3.800120E-3
6.820000E2	1.800000E1	3.723000E-3
6.820000E2	2.000000E1	3.636374E-3
6.820000E2	2.200000E1	3.539937E-3
6.820000E2	2.400000E1	3.433256E-3
6.820000E2	2.600000E1	3.315721E-3
6.820000E2	2.800000E1	3.186490E-3
6.820000E2	3.000000E1	3.044405E-3
6.820000E2	3.200000E1	2.887903E-3
6.820000E2	3.400000E1	2.714955E-3
6.820000E2	3.600000E1	2.523381E-3
6.820000E2	3.800000E1	2.313644E-3
6.820000E2	4.000000E1	2.115876E-3
6.820000E2	4.200000E1	1.800821E-3
6.820000E2	4.400000E1	1.309754E-3
6.820000E2	4.600000E1	1.562716E-3
6.820000E2	4.800000E1	1.839702E-3
6.820000E2	5.000000E1	2.067262E-3
6.820000E2	5.200000E1	2.237303E-3
6.820000E2	5.400000E1	2.353149E-3
6.820000E2	5.600000E1	2.419619E-3
6.820000E2	5.800000E1	2.440964E-3
6.820000E2	6.000000E1	2.420620E-3
6.820000E2	6.200000E1	2.361397E-3
6.820000E2	6.400000E1	2.265785E-3
6.820000E2	6.600000E1	2.136283E-3
6.820000E2	6.800000E1	1.975730E-3
6.820000E2	7.000000E1	1.787644E-3
6.820000E2	7.200000E1	1.576538E-3
6.820000E2	7.400000E1	1.348208E-3
6.820000E2	7.600000E1	1.109930E-3
6.820000E2	7.800000E1	8.705204E-4
6.820000E2	8.000000E1	6.401730E-4
6.840000E2	0.000000E0	3.943041E-3
6.840000E2	2.000000E0	3.938696E-3
6.840000E2	4.000000E0	3.925659E-3
6.840000E2	6.000000E0	3.903932E-3
6.840000E2	8.000000E0	3.873513E-3
6.840000E2	1.000000E1	3.834391E-3
6.840000E2	1.200000E1	3.786542E-3
6.840000E2	1.400000E1	3.729920E-3
6.840000E2	1.600000E1	3.664440E-3
6.840000E2	1.800000E1	3.589969E-3
6.840000E2	2.000000E1	3.506304E-3
6.840000E2	2.200000E1	3.413148E-3
6.840000E2	2.400000E1	3.310076E-3
6.840000E2	2.600000E1	3.196497E-3
6.840000E2	2.800000E1	3.071587E-3
6.840000E2	3.000000E1	2.934220E-3
6.840000E2	3.200000E1	2.782871E-3
6.840000E2	3.400000E1	2.615552E-3
6.840000E2	3.600000E1	2.430095E-3
6.840000E2	3.800000E1	2.226778E-3
6.840000E2	4.000000E1	2.033953E-3
6.840000E2	4.200000E1	1.725614E-3
6.840000E2	4.400000E1	1.257568E-3
6.840000E2	4.600000E1	1.504607E-3
6.840000E2	4.800000E1	1.773536E-3
6.840000E2	5.000000E1	1.994083E-3
6.840000E2	5.200000E1	2.158684E-3
6.840000E2	5.400000E1	2.270674E-3
6.840000E2	5.600000E1	2.334781E-3
6.840000E2	5.800000E1	2.355165E-3
6.840000E2	6.000000E1	2.335190E-3
6.840000E2	6.200000E1	2.277611E-3
6.840000E2	6.400000E1	2.184877E-3
6.840000E2	6.600000E1	2.059443E-3
6.840000E2	6.800000E1	1.904095E-3
6.840000E2	7.000000E1	1.722270E-3
6.840000E2	7.200000E1	1.518365E-3
6.840000E2	7.400000E1	1.298002E-3
6.840000E2	7.600000E1	1.068218E-3
6.840000E2	7.800000E1	8.375156E-4
6.840000E2	8.000000E1	6.157011E-4
6.860000E2	0.000000E0	3.803011E-3
6.860000E2	2.000000E0	3.798817E-3
6.860000E2	4.000000E0	3.786235E-3
6.860000E2	6.000000E0	3.765264E-3
6.860000E2	8.000000E0	3.735902E-3
6.860000E2	1.000000E1	3.698137E-3
6.860000E2	1.200000E1	3.651944E-3
6.860000E2	1.400000E1	3.597273E-3
6.860000E2	1.600000E1	3.534042E-3
6.860000E2	1.800000E1	3.462119E-3
6.860000E2	2.000000E1	3.381303E-3
6.860000E2	2.200000E1	3.291305E-3
6.860000E2	2.400000E1	3.191709E-3
6.860000E2	2.600000E1	3.081937E-3
6.860000E2	2.800000E1	2.961190E-3
6.860000E2	3.000000E1	2.828371E-3
6.860000E2	3.200000E1	2.681989E-3
6.860000E2	3.400000E1	2.520101E-3
6.860000E2	3.600000E1	2.340553E-3
6.860000E2	3.800000E1	2.143452E-3
6.860000E2	4.000000E1	1.955470E-3
6.860000E2	4.200000E1	1.653745E-3
6.860000E2	4.400000E1	1.207681E-3
6.860000E2	4.600000E1	1.448901E-3
6.860000E2	4.800000E1	1.710002E-3
6.860000E2	5.000000E1	1.923754E-3
6.860000E2	5.200000E1	2.083091E-3
6.860000E2	5.400000E1	2.191355E-3
6.860000E2	5.600000E1	2.253183E-3
6.860000E2	5.800000E1	2.272644E-3
6.860000E2	6.000000E1	2.253032E-3
6.860000E2	6.200000E1	2.197049E-3
6.860000E2	6.400000E1	2.107099E-3
6.860000E2	6.600000E1	1.985596E-3
6.860000E2	6.800000E1	1.835272E-3
6.860000E2	7.000000E1	1.659486E-3
6.860000E2	7.200000E1	1.462518E-3
6.860000E2	7.400000E1	1.249823E-3
6.860000E2	7.600000E1	1.028208E-3
6.860000E2	7.800000E1	8.058706E-4
6.860000E2	8.000000E1	5.922469E-4
6.880000E2	0.000000E0	3.664809E-3
6.880000E2	2.000000E0	3.660764E-3
6.880000E2	4.000000E0	3.648631E-3
6.880000E2	6.000000E0	3.628407E-3
6.880000E2	8.000000E0	3.600089E-3
6.880000E2	1.000000E1	3.563664E-3
6.880000E2	1.200000E1	3.519105E-3
6.880000E2	1.400000E1	3.466364E-3
6.880000E2	1.600000E1	3.405356E-3
6.880000E2	1.800000E1	3.335952E-3
6.880000E2	2.000000E1	3.257954E-3
6.880000E2	2.200000E1	3.171080E-3
6.880000E2	2.400000E1	3.074924E-3
6.880000E2	2.600000E1	2.968924E-3
6.880000E2	2.800000E1	2.852303E-3
6.880000E2	3.000000E1	2.723991E-3
6.880000E2	3.200000E1	2.582540E-3
6.880000E2	3.400000E1	2.426045E-3
6.880000E2	3.600000E1	2.252374E-3
6.880000E2	3.800000E1	2.061476E-3
6.880000E2	4.000000E1	1.878420E-3
6.880000E2	4.200000E1	1.583479E-3
6.880000E2	4.400000E1	1.158842E-3
6.880000E2	4.600000E1	1.394117E-3
6.880000E2	4.800000E1	1.647368E-3
6.880000E2	5.000000E1	1.854333E-3
6.880000E2	5.200000E1	2.008426E-3
6.880000E2	5.400000E1	2.112986E-3
6.880000E2	5.600000E1	2.172556E-3
6.880000E2	5.800000E1	2.191113E-3
6.880000E2	6.000000E1	2.171876E-3
6.880000E2	6.200000E1	2.117493E-3
6.880000E2	6.400000E1	2.030323E-3
6.880000E2	6.600000E1	1.912734E-3
6.880000E2	6.800000E1	1.767402E-3
6.880000E2	7.000000E1	1.597607E-3
6.880000E2	7.200000E1	1.407509E-3
6.880000E2	7.400000E1	1.202398E-3
6.880000E2	7.600000E1	9.888475E-4
6.880000E2	7.800000E1	7.747589E-4
6.880000E2	8.000000E1	5.692015E-4
6.900000E2	0.000000E0	3.534381E-3
6.900000E2	2.000000E0	3.530478E-3
6.900000E2	4.000000E0	3.518767E-3
6.900000E2	6.000000E0	3.499248E-3
6.900000E2	8.000000E0	3.471915E-3
6.900000E2	1.000000E1	3.436755E-3
6.900000E2	1.200000E1	3.393739E-3
6.900000E2	1.400000E1	3.342817E-3
6.900000E2	1.600000E1	3.283908E-3
6.900000E2	1.800000E1	3.216881E-3
6.900000E2	2.000000E1	3.141544E-3
6.900000E2	2.200000E1	3.057619E-3
6.900000E2	2.400000E1	2.964713E-3
6.900000E2	2.600000E1	2.862276E-3
6.900000E2	2.800000E1	2.749553E-3
6.900000E2	3.000000E1	2.625502E-3
6.900000E2	3.200000E1	2.488711E-3
6.900000E2	3.400000E1	2.337318E-3
6.900000E2	3.600000E1	2.169209E-3
6.900000E2	3.800000E1	1.984189E-3
6.900000E2	4.000000E1	1.805835E-3
6.900000E2	4.200000E1	1.517353E-3
6.900000E2	4.400000E1	1.112911E-3
6.900000E2	4.600000E1	1.342508E-3
6.900000E2	4.800000E1	1.588302E-3
6.900000E2	5.000000E1	1.788828E-3
6.900000E2	5.200000E1	1.937951E-3
6.900000E2	5.400000E1	2.039000E-3
6.900000E2	5.600000E1	2.096430E-3
6.900000E2	5.800000E1	2.114132E-3
6.900000E2	6.000000E1	2.095252E-3
6.900000E2	6.200000E1	2.042386E-3
6.900000E2	6.400000E1	1.957849E-3
6.900000E2	6.600000E1	1.843966E-3
6.900000E2	6.800000E1	1.703358E-3
6.900000E2	7.000000E1	1.539227E-3
6.900000E2	7.200000E1	1.355624E-3
6.900000E2	7.400000E1	1.157677E-3
6.900000E2	7.600000E1	9.517419E-4
6.900000E2	7.800000E1	7.454374E-4
6.900000E2	8.000000E1	5.474877E-4
6.920000E2	0.000000E0	3.402835E-3
6.920000E2	2.000000E0	3.399074E-3
6.920000E2	4.000000E0	3.387791E-3
6.920000E2	6.000000E0	3.368984E-3
6.920000E2	8.000000E0	3.342646E-3
6.920000E2	1.000000E1	3.308762E-3
6.920000E2	1.200000E1	3.267305E-3
6.920000E2	1.400000E1	3.218224E-3
6.920000E2	1.600000E1	3.161436E-3
6.920000E2	1.800000E1	3.096814E-3
6.920000E2	2.000000E1	3.024170E-3
6.920000E2	2.200000E1	2.943233E-3
6.920000E2	2.400000E1	2.853618E-3
6.920000E2	2.600000E1	2.754794E-3
6.920000E2	2.800000E1	2.646024E-3
6.920000E2	3.000000E1	2.526299E-3
6.920000E2	3.200000E1	2.394243E-3
6.920000E2	3.400000E1	2.248039E-3
6.920000E2	3.600000E1	2.085599E-3
6.920000E2	3.800000E1	1.906596E-3
6.920000E2	4.000000E1	1.733149E-3
6.920000E2	4.200000E1	1.451808E-3
6.920000E2	4.400000E1	1.067023E-3
6.920000E2	4.600000E1	1.290627E-3
6.920000E2	4.800000E1	1.528752E-3
6.920000E2	5.000000E1	1.722698E-3
6.920000E2	5.200000E1	1.866758E-3
6.920000E2	5.400000E1	1.964247E-3
6.920000E2	5.600000E1	2.019522E-3
6.920000E2	5.800000E1	2.036380E-3
6.920000E2	6.000000E1	2.017892E-3
6.920000E2	6.200000E1	1.966597E-3
6.920000E2	6.400000E1	1.884763E-3
6.920000E2	6.600000E1	1.774665E-3
6.920000E2	6.800000E1	1.638867E-3
6.920000E2	7.000000E1	1.480489E-3
6.920000E2	7.200000E1	1.303466E-3
6.920000E2	7.400000E1	1.112760E-3
6.920000E2	7.600000E1	9.145075E-4
6.920000E2	7.800000E1	7.160396E-4
6.920000E2	8.000000E1	5.257350E-4
6.940000E2	0.000000E0	3.274355E-3
6.940000E2	2.000000E0	3.270734E-3
6.940000E2	4.000000E0	3.259868E-3
6.940000E2	6.000000E0	3.241756E-3
6.940000E2	8.000000E0	3.216390E-3
6.940000E2	1.000000E1	3.183755E-3
6.940000E2	1.200000E1	3.143821E-3
6.940000E2	1.400000E1	3.096538E-3
6.940000E2	1.600000E1	3.041825E-3
6.940000E2	1.800000E1	2.979556E-3
6.940000E2	2.000000E1	2.909547E-3
6.940000E2	2.200000E1	2.831533E-3
6.940000E2	2.400000E1	2.745142E-3
6.940000E2	2.600000E1	2.649855E-3
6.940000E2	2.800000E1	2.544960E-3
6.940000E2	3.000000E1	2.429476E-3
6.940000E2	3.200000E1	2.302065E-3
6.940000E2	3.400000E1	2.160955E-3
6.940000E2	3.600000E1	2.004086E-3
6.940000E2	3.800000E1	1.831012E-3
6.940000E2	4.000000E1	1.662473E-3
6.940000E2	4.200000E1	1.388188E-3
6.940000E2	4.400000E1	1.022523E-3
6.940000E2	4.600000E1	1.240124E-3
6.940000E2	4.800000E1	1.470662E-3
6.940000E2	5.000000E1	1.658116E-3
6.940000E2	5.200000E1	1.797191E-3
6.940000E2	5.400000E1	1.891180E-3
6.940000E2	5.600000E1	1.944341E-3
6.940000E2	5.800000E1	1.960376E-3
6.940000E2	6.000000E1	1.942283E-3
6.940000E2	6.200000E1	1.892541E-3
6.940000E2	6.400000E1	1.813367E-3
6.940000E2	6.600000E1	1.706991E-3
6.940000E2	6.800000E1	1.575916E-3
6.940000E2	7.000000E1	1.423180E-3
6.940000E2	7.200000E1	1.252601E-3
6.940000E2	7.400000E1	1.068979E-3
6.940000E2	7.600000E1	8.782323E-4
6.940000E2	7.800000E1	6.874132E-4
6.940000E2	8.000000E1	5.045630E-4
6.960000E2	0.000000E0	3.147543E-3
6.960000E2	2.000000E0	3.144059E-3
6.960000E2	4.000000E0	3.133606E-3
6.960000E2	6.000000E0	3.116180E-3
6.960000E2	8.000000E0	3.091774E-3
6.960000E2	1.000000E1	3.060372E-3
6.960000E2	1.200000E1	3.021944E-3
6.960000E2	1.400000E1	2.976440E-3
6.960000E2	1.600000E1	2.923778E-3
6.960000E2	1.800000E1	2.863837E-3
6.960000E2	2.000000E1	2.796435E-3
6.960000E2	2.200000E1	2.721315E-3
6.960000E2	2.400000E1	2.638115E-3
6.960000E2	2.600000E1	2.546334E-3
6.960000E2	2.800000E1	2.445279E-3
6.960000E2	3.000000E1	2.333999E-3
6.960000E2	3.200000E1	2.211198E-3
6.960000E2	3.400000E1	2.075146E-3
6.960000E2	3.600000E1	1.923818E-3
6.960000E2	3.800000E1	1.756660E-3
6.960000E2	4.000000E1	1.593088E-3
6.960000E2	4.200000E1	1.326111E-3
6.960000E2	4.400000E1	9.789281E-4
6.960000E2	4.600000E1	1.190420E-3
6.960000E2	4.800000E1	1.413361E-3
6.960000E2	5.000000E1	1.594342E-3
6.960000E2	5.200000E1	1.728458E-3
6.960000E2	5.400000E1	1.818974E-3
6.960000E2	5.600000E1	1.870047E-3
6.960000E2	5.800000E1	1.885282E-3
6.960000E2	6.000000E1	1.867598E-3
6.960000E2	6.200000E1	1.819414E-3
6.960000E2	6.400000E1	1.742899E-3
6.960000E2	6.600000E1	1.640230E-3
6.960000E2	6.800000E1	1.513847E-3
6.960000E2	7.000000E1	1.366707E-3
6.960000E2	7.200000E1	1.202509E-3
6.960000E2	7.400000E1	1.025891E-3
6.960000E2	7.600000E1	8.425546E-4
6.960000E2	7.800000E1	6.592760E-4
6.960000E2	8.000000E1	4.837650E-4
6.980000E2	0.000000E0	3.023003E-3
6.980000E2	2.000000E0	3.019654E-3
6.980000E2	4.000000E0	3.009606E-3
6.980000E2	6.000000E0	2.992855E-3
6.980000E2	8.000000E0	2.969394E-3
6.980000E2	1.000000E1	2.939204E-3
6.980000E2	1.200000E1	2.902256E-3
6.980000E2	1.400000E1	2.858501E-3
6.980000E2	1.600000E1	2.807857E-3
6.980000E2	1.800000E1	2.750205E-3
6.980000E2	2.000000E1	2.685369E-3
6.980000E2	2.200000E1	2.613099E-3
6.980000E2	2.400000E1	2.533042E-3
6.980000E2	2.600000E1	2.444714E-3
6.980000E2	2.800000E1	2.347444E-3
6.980000E2	3.000000E1	2.240311E-3
6.980000E2	3.200000E1	2.122058E-3
6.980000E2	3.400000E1	1.991002E-3
6.980000E2	3.600000E1	1.845152E-3
6.980000E2	3.800000E1	1.683857E-3
6.980000E2	4.000000E1	1.525281E-3
6.980000E2	4.200000E1	1.265588E-3
6.980000E2	4.400000E1	9.364374E-4
6.980000E2	4.600000E1	1.141773E-3
6.980000E2	4.800000E1	1.357152E-3
6.980000E2	5.000000E1	1.531711E-3
6.980000E2	5.200000E1	1.660917E-3
6.980000E2	5.400000E1	1.748002E-3
6.980000E2	5.600000E1	1.797018E-3
6.980000E2	5.800000E1	1.811470E-3
6.980000E2	6.000000E1	1.794201E-3
6.980000E2	6.200000E1	1.747570E-3
6.980000E2	6.400000E1	1.673690E-3
6.980000E2	6.600000E1	1.574687E-3
6.980000E2	6.800000E1	1.452940E-3
6.980000E2	7.000000E1	1.311318E-3
6.980000E2	7.200000E1	1.153405E-3
6.980000E2	7.400000E1	9.836760E-4
6.980000E2	7.600000E1	8.076185E-4
6.980000E2	7.800000E1	6.317383E-4
6.980000E2	8.000000E1	4.634205E-4
7.000000E2	0.000000E0	2.905368E-3
7.000000E2	2.000000E0	2.902146E-3
7.000000E2	4.000000E0	2.892481E-3
7.000000E2	6.000000E0	2.876368E-3
7.000000E2	8.000000E0	2.853798E-3
7.000000E2	1.000000E1	2.824754E-3
7.000000E2	1.200000E1	2.789205E-3
7.000000E2	1.400000E1	2.747102E-3
7.000000E2	1.600000E1	2.698366E-3
7.000000E2	1.800000E1	2.642878E-3
7.000000E2	2.000000E1	2.580469E-3
7.000000E2	2.200000E1	2.510893E-3
7.000000E2	2.400000E1	2.433810E-3
7.000000E2	2.600000E1	2.348749E-3
7.000000E2	2.800000E1	2.255061E-3
7.000000E2	3.000000E1	2.151854E-3
7.000000E2	3.200000E1	2.037907E-3
7.000000E2	3.400000E1	1.911584E-3
7.000000E2	3.600000E1	1.770927E-3
7.000000E2	3.800000E1	1.615199E-3
7.000000E2	4.000000E1	1.461386E-3
7.000000E2	4.200000E1	1.208989E-3
7.000000E2	4.400000E1	8.964120E-4
7.000000E2	4.600000E1	1.095840E-3
7.000000E2	4.800000E1	1.304035E-3
7.000000E2	5.000000E1	1.472506E-3
7.000000E2	5.200000E1	1.597065E-3
7.000000E2	5.400000E1	1.680907E-3
7.000000E2	5.600000E1	1.727983E-3
7.000000E2	5.800000E1	1.741707E-3
7.000000E2	6.000000E1	1.724844E-3
7.000000E2	6.200000E1	1.679694E-3
7.000000E2	6.400000E1	1.608321E-3
7.000000E2	6.600000E1	1.512800E-3
7.000000E2	6.800000E1	1.395448E-3
7.000000E2	7.000000E1	1.259054E-3
7.000000E2	7.200000E1	1.107088E-3
7.000000E2	7.400000E1	9.438720E-4
7.000000E2	7.600000E1	7.746906E-4
7.000000E2	7.800000E1	6.057935E-4
7.000000E2	8.000000E1	4.442596E-4
7.020000E2	0.000000E0	2.792573E-3
7.020000E2	2.000000E0	2.789474E-3
7.020000E2	4.000000E0	2.780175E-3
7.020000E2	6.000000E0	2.764673E-3
7.020000E2	8.000000E0	2.742959E-3
7.020000E2	1.000000E1	2.715013E-3
7.020000E2	1.200000E1	2.680806E-3
7.020000E2	1.400000E1	2.640289E-3
7.020000E2	1.600000E1	2.593383E-3
7.020000E2	1.800000E1	2.539973E-3
7.020000E2	2.000000E1	2.479892E-3
7.020000E2	2.200000E1	2.412903E-3
7.020000E2	2.400000E1	2.338675E-3
7.020000E2	2.600000E1	2.256753E-3
7.020000E2	2.800000E1	2.166507E-3
7.020000E2	3.000000E1	2.067072E-3
7.020000E2	3.200000E1	1.957266E-3
7.020000E2	3.400000E1	1.835495E-3
7.020000E2	3.600000E1	1.699837E-3
7.020000E2	3.800000E1	1.549477E-3
7.020000E2	4.000000E1	1.400303E-3
7.020000E2	4.200000E1	1.154794E-3
7.020000E2	4.400000E1	8.582452E-4
7.020000E2	4.600000E1	1.051930E-3
7.020000E2	4.800000E1	1.253175E-3
7.020000E2	5.000000E1	1.415765E-3
7.020000E2	5.200000E1	1.535838E-3
7.020000E2	5.400000E1	1.616552E-3
7.020000E2	5.600000E1	1.661759E-3
7.020000E2	5.800000E1	1.674780E-3
7.020000E2	6.000000E1	1.658309E-3
7.020000E2	6.200000E1	1.614586E-3
7.020000E2	6.400000E1	1.545627E-3
7.020000E2	6.600000E1	1.453455E-3
7.020000E2	6.800000E1	1.340330E-3
7.020000E2	7.000000E1	1.208960E-3
7.020000E2	7.200000E1	1.062706E-3
7.020000E2	7.400000E1	9.057423E-4
7.020000E2	7.600000E1	7.431572E-4
7.020000E2	7.800000E1	5.809547E-4
7.020000E2	8.000000E1	4.259206E-4
7.040000E2	0.000000E0	2.683231E-3
7.040000E2	2.000000E0	2.680251E-3
7.040000E2	4.000000E0	2.671309E-3
7.040000E2	6.000000E0	2.656400E-3
7.040000E2	8.000000E0	2.635515E-3
7.040000E2	1.000000E1	2.608635E-3
7.040000E2	1.200000E1	2.575731E-3
7.040000E2	1.400000E1	2.536752E-3
7.040000E2	1.600000E1	2.491623E-3
7.040000E2	1.800000E1	2.440231E-3
7.040000E2	2.000000E1	2.382412E-3
7.040000E2	2.200000E1	2.317936E-3
7.040000E2	2.400000E1	2.246484E-3
7.040000E2	2.600000E1	2.167613E-3
7.040000E2	2.800000E1	2.080714E-3
7.040000E2	3.000000E1	1.984951E-3
7.040000E2	3.200000E1	1.879175E-3
7.040000E2	3.400000E1	1.761838E-3
7.040000E2	3.600000E1	1.631055E-3
7.040000E2	3.800000E1	1.485940E-3
7.040000E2	4.000000E1	1.341339E-3
7.040000E2	4.200000E1	1.102897E-3
7.040000E2	4.400000E1	8.214368E-4
7.040000E2	4.600000E1	1.009424E-3
7.040000E2	4.800000E1	1.203865E-3
7.040000E2	5.000000E1	1.360717E-3
7.040000E2	5.200000E1	1.476422E-3
7.040000E2	5.400000E1	1.554097E-3
7.040000E2	5.600000E1	1.597496E-3
7.040000E2	5.800000E1	1.609849E-3
7.040000E2	6.000000E1	1.593775E-3
7.040000E2	6.200000E1	1.551458E-3
7.040000E2	6.400000E1	1.484863E-3
7.040000E2	6.600000E1	1.395964E-3
7.040000E2	6.800000E1	1.286958E-3
7.040000E2	7.000000E1	1.160478E-3
7.040000E2	7.200000E1	1.019776E-3
7.040000E2	7.400000E1	8.688805E-4
7.040000E2	7.600000E1	7.126892E-4
7.040000E2	7.800000E1	5.569680E-4
7.040000E2	8.000000E1	4.082197E-4
7.060000E2	0.000000E0	2.579064E-3
7.060000E2	2.000000E0	2.576197E-3
7.060000E2	4.000000E0	2.567594E-3
7.060000E2	6.000000E0	2.553250E-3
7.060000E2	8.000000E0	2.533156E-3
7.060000E2	1.000000E1	2.507292E-3
7.060000E2	1.200000E1	2.475629E-3
7.060000E2	1.400000E1	2.438117E-3
7.060000E2	1.600000E1	2.394682E-3
7.060000E2	1.800000E1	2.345213E-3
7.060000E2	2.000000E1	2.289551E-3
7.060000E2	2.200000E1	2.227474E-3
7.060000E2	2.400000E1	2.158669E-3
7.060000E2	2.600000E1	2.082709E-3
7.060000E2	2.800000E1	1.999005E-3
7.060000E2	3.000000E1	1.906746E-3
7.060000E2	3.200000E1	1.804819E-3
7.060000E2	3.400000E1	1.691718E-3
7.060000E2	3.600000E1	1.565595E-3
7.060000E2	3.800000E1	1.425502E-3
7.060000E2	4.000000E1	1.285312E-3
7.060000E2	4.200000E1	1.053608E-3
7.060000E2	4.400000E1	7.865268E-4
7.060000E2	4.600000E1	9.690181E-4
7.060000E2	4.800000E1	1.156930E-3
7.060000E2	5.000000E1	1.308283E-3
7.060000E2	5.200000E1	1.419807E-3
7.060000E2	5.400000E1	1.494575E-3
7.060000E2	5.600000E1	1.536246E-3
7.060000E2	5.800000E1	1.547961E-3
7.060000E2	6.000000E1	1.532270E-3
7.060000E2	6.200000E1	1.491300E-3
7.060000E2	6.400000E1	1.426966E-3
7.060000E2	6.600000E1	1.341195E-3
7.060000E2	6.800000E1	1.236126E-3
7.060000E2	7.000000E1	1.114314E-3
7.060000E2	7.200000E1	9.789094E-4
7.060000E2	7.400000E1	8.338001E-4
7.060000E2	7.600000E1	6.837020E-4
7.060000E2	7.800000E1	5.341536E-4
7.060000E2	8.000000E1	3.913884E-4
7.080000E2	0.000000E0	2.478270E-3
7.080000E2	2.000000E0	2.475513E-3
7.080000E2	4.000000E0	2.467238E-3
7.080000E2	6.000000E0	2.453441E-3
7.080000E2	8.000000E0	2.434112E-3
7.080000E2	1.000000E1	2.409233E-3
7.080000E2	1.200000E1	2.378771E-3
7.080000E2	1.400000E1	2.342681E-3
7.080000E2	1.600000E1	2.300886E-3
7.080000E2	1.800000E1	2.253281E-3
7.080000E2	2.000000E1	2.199710E-3
7.080000E2	2.200000E1	2.139957E-3
7.080000E2	2.400000E1	2.073720E-3
7.080000E2	2.600000E1	2.000584E-3
7.080000E2	2.800000E1	1.919980E-3
7.080000E2	3.000000E1	1.831123E-3
7.080000E2	3.200000E1	1.732933E-3
7.080000E2	3.400000E1	1.623948E-3
7.080000E2	3.600000E1	1.502357E-3
7.080000E2	3.800000E1	1.367157E-3
7.080000E2	4.000000E1	1.231305E-3
7.080000E2	4.200000E1	1.006229E-3
7.080000E2	4.400000E1	7.529372E-4
7.080000E2	4.600000E1	9.300128E-4
7.080000E2	4.800000E1	1.111547E-3
7.080000E2	5.000000E1	1.257541E-3
7.080000E2	5.200000E1	1.364996E-3
7.080000E2	5.400000E1	1.436939E-3
7.080000E2	5.600000E1	1.476935E-3
7.080000E2	5.800000E1	1.488038E-3
7.080000E2	6.000000E1	1.472726E-3
7.080000E2	6.200000E1	1.433072E-3
7.080000E2	6.400000E1	1.370943E-3
7.080000E2	6.600000E1	1.288216E-3
7.080000E2	6.800000E1	1.186972E-3
7.080000E2	7.000000E1	1.069692E-3
7.080000E2	7.200000E1	9.394236E-4
7.080000E2	7.400000E1	7.999193E-4
7.080000E2	7.600000E1	6.557180E-4
7.080000E2	7.800000E1	5.121379E-4
7.080000E2	8.000000E1	3.751527E-4
7.100000E2	0.000000E0	2.389191E-3
7.100000E2	2.000000E0	2.386530E-3
7.100000E2	4.000000E0	2.378545E-3
7.100000E2	6.000000E0	2.365231E-3
7.100000E2	8.000000E0	2.346578E-3
7.100000E2	1.000000E1	2.322566E-3
7.100000E2	1.200000E1	2.293165E-3
7.100000E2	1.400000E1	2.258327E-3
7.100000E2	1.600000E1	2.217981E-3
7.100000E2	1.800000E1	2.172019E-3
7.100000E2	2.000000E1	2.120292E-3
7.100000E2	2.200000E1	2.062588E-3
7.100000E2	2.400000E1	1.998615E-3
7.100000E2	2.600000E1	1.927969E-3
7.100000E2	2.800000E1	1.850098E-3
7.100000E2	3.000000E1	1.764239E-3
7.100000E2	3.200000E1	1.669343E-3
7.100000E2	3.400000E1	1.563984E-3
7.100000E2	3.600000E1	1.446384E-3
7.100000E2	3.800000E1	1.315488E-3
7.100000E2	4.000000E1	1.183432E-3
7.100000E2	4.200000E1	9.641518E-4
7.100000E2	4.400000E1	7.231658E-4
7.100000E2	4.600000E1	8.955141E-4
7.100000E2	4.800000E1	1.071442E-3
7.100000E2	5.000000E1	1.212717E-3
7.100000E2	5.200000E1	1.316582E-3
7.100000E2	5.400000E1	1.386029E-3
7.100000E2	5.600000E1	1.424540E-3
7.100000E2	5.800000E1	1.435093E-3
7.100000E2	6.000000E1	1.420106E-3
7.100000E2	6.200000E1	1.381604E-3
7.100000E2	6.400000E1	1.321411E-3
7.100000E2	6.600000E1	1.241362E-3
7.100000E2	6.800000E1	1.143490E-3
7.100000E2	7.000000E1	1.030209E-3
7.100000E2	7.200000E1	9.044759E-4
7.100000E2	7.400000E1	7.699249E-4
7.100000E2	7.600000E1	6.309382E-4
7.100000E2	7.800000E1	4.926389E-4
7.100000E2	8.000000E1	3.607703E-4
7.120000E2	0.000000E0	2.301157E-3
7.120000E2	2.000000E0	2.298592E-3
7.120000E2	4.000000E0	2.290894E-3
7.120000E2	6.000000E0	2.278057E-3
7.120000E2	8.000000E0	2.260072E-3
7.120000E2	1.000000E1	2.236920E-3
7.120000E2	1.200000E1	2.208569E-3
7.120000E2	1.400000E1	2.174972E-3
7.120000E2	1.600000E1	2.136059E-3
7.120000E2	1.800000E1	2.091727E-3
7.120000E2	2.000000E1	2.041827E-3
7.120000E2	2.200000E1	1.986156E-3
7.120000E2	2.400000E1	1.924428E-3
7.120000E2	2.600000E1	1.856252E-3
7.120000E2	2.800000E1	1.781093E-3
7.120000E2	3.000000E1	1.698212E-3
7.120000E2	3.200000E1	1.606589E-3
7.120000E2	3.400000E1	1.504837E-3
7.120000E2	3.600000E1	1.391210E-3
7.120000E2	3.800000E1	1.264611E-3
7.120000E2	4.000000E1	1.136383E-3
7.120000E2	4.200000E1	9.231937E-4
7.120000E2	4.400000E1	6.939319E-4
7.120000E2	4.600000E1	8.614778E-4
7.120000E2	4.800000E1	1.031799E-3
7.120000E2	5.000000E1	1.168372E-3
7.120000E2	5.200000E1	1.268671E-3
7.120000E2	5.400000E1	1.335646E-3
7.120000E2	5.600000E1	1.372695E-3
7.120000E2	5.800000E1	1.382718E-3
7.120000E2	6.000000E1	1.368072E-3
7.120000E2	6.200000E1	1.330730E-3
7.120000E2	6.400000E1	1.272476E-3
7.120000E2	6.600000E1	1.195100E-3
7.120000E2	6.800000E1	1.100583E-3
7.120000E2	7.000000E1	9.912716E-4
7.120000E2	7.200000E1	8.700349E-4
7.120000E2	7.400000E1	7.403856E-4
7.120000E2	7.600000E1	6.065506E-4
7.120000E2	7.800000E1	4.734610E-4
7.120000E2	8.000000E1	3.466332E-4
7.140000E2	0.000000E0	2.213111E-3
7.140000E2	2.000000E0	2.210641E-3
7.140000E2	4.000000E0	2.203230E-3
7.140000E2	6.000000E0	2.190872E-3
7.140000E2	8.000000E0	2.173556E-3
7.140000E2	1.000000E1	2.151264E-3
7.140000E2	1.200000E1	2.123965E-3
7.140000E2	1.400000E1	2.091613E-3
7.140000E2	1.600000E1	2.054138E-3
7.140000E2	1.800000E1	2.011438E-3
7.140000E2	2.000000E1	1.963372E-3
7.140000E2	2.200000E1	1.909740E-3
7.140000E2	2.400000E1	1.850265E-3
7.140000E2	2.600000E1	1.784571E-3
7.140000E2	2.800000E1	1.712137E-3
7.140000E2	3.000000E1	1.632248E-3
7.140000E2	3.200000E1	1.543916E-3
7.140000E2	3.400000E1	1.445793E-3
7.140000E2	3.600000E1	1.336169E-3
7.140000E2	3.800000E1	1.213911E-3
7.140000E2	4.000000E1	1.089606E-3
7.140000E2	4.200000E1	8.825740E-4
7.140000E2	4.400000E1	6.649431E-4
7.140000E2	4.600000E1	8.275601E-4
7.140000E2	4.800000E1	9.921939E-4
7.140000E2	5.000000E1	1.124016E-3
7.140000E2	5.200000E1	1.220719E-3
7.140000E2	5.400000E1	1.285208E-3
7.140000E2	5.600000E1	1.320791E-3
7.140000E2	5.800000E1	1.330290E-3
7.140000E2	6.000000E1	1.315997E-3
7.140000E2	6.200000E1	1.279834E-3
7.140000E2	6.400000E1	1.223539E-3
7.140000E2	6.600000E1	1.148857E-3
7.140000E2	6.800000E1	1.057715E-3
7.140000E2	7.000000E1	9.523918E-4
7.140000E2	7.200000E1	8.356644E-4
7.140000E2	7.400000E1	7.109240E-4
7.140000E2	7.600000E1	5.822416E-4
7.140000E2	7.800000E1	4.543558E-4
7.140000E2	8.000000E1	3.325572E-4
7.160000E2	0.000000E0	2.128418E-3
7.160000E2	2.000000E0	2.126040E-3
7.160000E2	4.000000E0	2.118906E-3
7.160000E2	6.000000E0	2.107008E-3
7.160000E2	8.000000E0	2.090337E-3
7.160000E2	1.000000E1	2.068874E-3
7.160000E2	1.200000E1	2.042588E-3
7.160000E2	1.400000E1	2.011433E-3
7.160000E2	1.600000E1	1.975342E-3
7.160000E2	1.800000E1	1.934216E-3
7.160000E2	2.000000E1	1.887916E-3
7.160000E2	2.200000E1	1.836248E-3
7.160000E2	2.400000E1	1.778946E-3
7.160000E2	2.600000E1	1.715643E-3
7.160000E2	2.800000E1	1.645837E-3
7.160000E2	3.000000E1	1.568834E-3
7.160000E2	3.200000E1	1.483677E-3
7.160000E2	3.400000E1	1.389057E-3
7.160000E2	3.600000E1	1.283300E-3
7.160000E2	3.800000E1	1.165243E-3
7.160000E2	4.000000E1	1.044760E-3
7.160000E2	4.200000E1	8.437295E-4
7.160000E2	4.400000E1	6.371935E-4
7.160000E2	4.600000E1	7.949993E-4
7.160000E2	4.800000E1	9.541197E-4
7.160000E2	5.000000E1	1.081344E-3
7.160000E2	5.200000E1	1.174573E-3
7.160000E2	5.400000E1	1.236662E-3
7.160000E2	5.600000E1	1.270834E-3
7.160000E2	5.800000E1	1.279832E-3
7.160000E2	6.000000E1	1.265886E-3
7.160000E2	6.200000E1	1.230866E-3
7.160000E2	6.400000E1	1.176467E-3
7.160000E2	6.600000E1	1.104389E-3
7.160000E2	6.800000E1	1.016505E-3
7.160000E2	7.000000E1	9.150290E-4
7.160000E2	7.200000E1	8.026467E-4
7.160000E2	7.400000E1	6.826325E-4
7.160000E2	7.600000E1	5.589068E-4
7.160000E2	7.800000E1	4.360228E-4
7.160000E2	8.000000E1	3.190548E-4
7.180000E2	0.000000E0	2.047831E-3
7.180000E2	2.000000E0	2.045541E-3
7.180000E2	4.000000E0	2.038669E-3
7.180000E2	6.000000E0	2.027210E-3
7.180000E2	8.000000E0	2.011153E-3
7.180000E2	1.000000E1	1.990478E-3
7.180000E2	1.200000E1	1.965156E-3
7.180000E2	1.400000E1	1.935142E-3
7.180000E2	1.600000E1	1.900369E-3
7.180000E2	1.800000E1	1.860742E-3
7.180000E2	2.000000E1	1.816124E-3
7.180000E2	2.200000E1	1.766328E-3
7.180000E2	2.400000E1	1.711096E-3
7.180000E2	2.600000E1	1.650072E-3
7.180000E2	2.800000E1	1.582770E-3
7.180000E2	3.000000E1	1.508518E-3
7.180000E2	3.200000E1	1.426391E-3
7.180000E2	3.400000E1	1.335112E-3
7.180000E2	3.600000E1	1.233047E-3
7.180000E2	3.800000E1	1.119004E-3
7.180000E2	4.000000E1	1.002193E-3
7.180000E2	4.200000E1	8.069622E-4
7.180000E2	4.400000E1	6.108837E-4
7.180000E2	4.600000E1	7.640593E-4
7.180000E2	4.800000E1	9.179028E-4
7.180000E2	5.000000E1	1.040733E-3
7.180000E2	5.200000E1	1.130645E-3
7.180000E2	5.400000E1	1.190446E-3
7.180000E2	5.600000E1	1.223275E-3
7.180000E2	5.800000E1	1.231798E-3
7.180000E2	6.000000E1	1.218187E-3
7.180000E2	6.200000E1	1.184263E-3
7.180000E2	6.400000E1	1.131677E-3
7.180000E2	6.600000E1	1.062085E-3
7.180000E2	6.800000E1	9.773115E-4
7.180000E2	7.000000E1	8.795028E-4
7.180000E2	7.200000E1	7.712608E-4
7.180000E2	7.400000E1	6.557469E-4
7.180000E2	7.600000E1	5.367380E-4
7.180000E2	7.800000E1	4.186109E-4
7.180000E2	8.000000E1	3.062342E-4
7.200000E2	0.000000E0	1.970404E-3
7.200000E2	2.000000E0	1.968199E-3
7.200000E2	4.000000E0	1.961580E-3
7.200000E2	6.000000E0	1.950542E-3
7.200000E2	8.000000E0	1.935075E-3
7.200000E2	1.000000E1	1.915158E-3
7.200000E2	1.200000E1	1.890764E-3
7.200000E2	1.400000E1	1.861847E-3
7.200000E2	1.600000E1	1.828342E-3
7.200000E2	1.800000E1	1.790156E-3
7.200000E2	2.000000E1	1.747157E-3
7.200000E2	2.200000E1	1.699162E-3
7.200000E2	2.400000E1	1.645922E-3
7.200000E2	2.600000E1	1.587093E-3
7.200000E2	2.800000E1	1.522203E-3
7.200000E2	3.000000E1	1.450603E-3
7.200000E2	3.200000E1	1.371393E-3
7.200000E2	3.400000E1	1.283335E-3
7.200000E2	3.600000E1	1.184832E-3
7.200000E2	3.800000E1	1.074668E-3
7.200000E2	4.000000E1	9.614280E-4
7.200000E2	4.200000E1	7.718708E-4
7.200000E2	4.400000E1	5.857175E-4
7.200000E2	4.600000E1	7.343817E-4
7.200000E2	4.800000E1	8.831184E-4
7.200000E2	5.000000E1	1.001705E-3
7.200000E2	5.200000E1	1.088418E-3
7.200000E2	5.400000E1	1.146014E-3
7.200000E2	5.600000E1	1.177551E-3
7.200000E2	5.800000E1	1.185624E-3
7.200000E2	6.000000E1	1.172342E-3
7.200000E2	6.200000E1	1.139480E-3
7.200000E2	6.400000E1	1.088647E-3
7.200000E2	6.600000E1	1.021455E-3
7.200000E2	6.800000E1	9.396796E-4
7.200000E2	7.000000E1	8.454038E-4
7.200000E2	7.200000E1	7.411465E-4
7.200000E2	7.400000E1	6.299601E-4
7.200000E2	7.600000E1	5.154830E-4
7.200000E2	7.800000E1	4.019227E-4
7.200000E2	8.000000E1	2.939505E-4
7.220000E2	0.000000E0	1.895273E-3
7.220000E2	2.000000E0	1.893149E-3
7.220000E2	4.000000E0	1.886776E-3
7.220000E2	6.000000E0	1.876148E-3
7.220000E2	8.000000E0	1.861253E-3
7.220000E2	1.000000E1	1.842074E-3
7.220000E2	1.200000E1	1.818580E-3
7.220000E2	1.400000E1	1.790729E-3
7.220000E2	1.600000E1	1.758457E-3
7.220000E2	1.800000E1	1.721672E-3
7.220000E2	2.000000E1	1.680247E-3
7.220000E2	2.200000E1	1.634004E-3
7.220000E2	2.400000E1	1.582702E-3
7.220000E2	2.600000E1	1.526008E-3
7.220000E2	2.800000E1	1.463465E-3
7.220000E2	3.000000E1	1.394445E-3
7.220000E2	3.200000E1	1.318077E-3
7.220000E2	3.400000E1	1.233159E-3
7.220000E2	3.600000E1	1.138128E-3
7.220000E2	3.800000E1	1.031752E-3
7.220000E2	4.000000E1	9.220267E-4
7.220000E2	4.200000E1	7.380884E-4
7.220000E2	4.400000E1	5.614242E-4
7.220000E2	4.600000E1	7.056378E-4
7.220000E2	4.800000E1	8.493772E-4
7.220000E2	5.000000E1	9.638214E-4
7.220000E2	5.200000E1	1.047415E-3
7.220000E2	5.400000E1	1.102866E-3
7.220000E2	5.600000E1	1.133151E-3
7.220000E2	5.800000E1	1.140792E-3
7.220000E2	6.000000E1	1.127839E-3
7.220000E2	6.200000E1	1.096019E-3
7.220000E2	6.400000E1	1.046899E-3
7.220000E2	6.600000E1	9.820489E-4
7.220000E2	6.800000E1	9.031952E-4
7.220000E2	7.000000E1	8.123580E-4
7.220000E2	7.200000E1	7.119746E-4
7.220000E2	7.400000E1	6.049911E-4
7.220000E2	7.600000E1	4.949109E-4
7.220000E2	7.800000E1	3.857774E-4
7.220000E2	8.000000E1	2.820711E-4
7.240000E2	0.000000E0	1.824036E-3
7.240000E2	2.000000E0	1.821990E-3
7.240000E2	4.000000E0	1.815850E-3
7.240000E2	6.000000E0	1.805610E-3
7.240000E2	8.000000E0	1.791259E-3
7.240000E2	1.000000E1	1.772778E-3
7.240000E2	1.200000E1	1.750139E-3
7.240000E2	1.400000E1	1.723299E-3
7.240000E2	1.600000E1	1.692196E-3
7.240000E2	1.800000E1	1.656741E-3
7.240000E2	2.000000E1	1.616809E-3
7.240000E2	2.200000E1	1.572230E-3
7.240000E2	2.400000E1	1.522768E-3
7.240000E2	2.600000E1	1.468100E-3
7.240000E2	2.800000E1	1.407787E-3
7.240000E2	3.000000E1	1.341218E-3
7.240000E2	3.200000E1	1.267550E-3
7.240000E2	3.400000E1	1.185614E-3
7.240000E2	3.600000E1	1.093885E-3
7.240000E2	3.800000E1	9.911155E-4
7.240000E2	4.000000E1	8.847495E-4
7.240000E2	4.200000E1	7.062070E-4
7.240000E2	4.400000E1	5.384629E-4
7.240000E2	4.600000E1	6.784164E-4
7.240000E2	4.800000E1	8.173938E-4
7.240000E2	5.000000E1	9.278955E-4
7.240000E2	5.200000E1	1.008523E-3
7.240000E2	5.400000E1	1.061937E-3
7.240000E2	5.600000E1	1.091034E-3
7.240000E2	5.800000E1	1.098266E-3
7.240000E2	6.000000E1	1.085629E-3
7.240000E2	6.200000E1	1.054803E-3
7.240000E2	6.400000E1	1.007314E-3
7.240000E2	6.600000E1	9.446921E-4
7.240000E2	6.800000E1	8.686153E-4
7.240000E2	7.000000E1	7.810444E-4
7.240000E2	7.200000E1	6.843385E-4
7.240000E2	7.400000E1	5.813426E-4
7.240000E2	7.600000E1	4.754318E-4
7.240000E2	7.800000E1	3.704937E-4
7.240000E2	8.000000E1	2.708283E-4
7.260000E2	0.000000E0	1.750388E-3
7.260000E2	2.000000E0	1.748423E-3
7.260000E2	4.000000E0	1.742524E-3
7.260000E2	6.000000E0	1.732686E-3
7.260000E2	8.000000E0	1.718899E-3
7.260000E2	1.000000E1	1.701143E-3
7.260000E2	1.200000E1	1.679391E-3
7.260000E2	1.400000E1	1.653600E-3
7.260000E2	1.600000E1	1.623711E-3
7.260000E2	1.800000E1	1.589636E-3
7.260000E2	2.000000E1	1.551256E-3
7.260000E2	2.200000E1	1.508405E-3
7.260000E2	2.400000E1	1.460855E-3
7.260000E2	2.600000E1	1.408295E-3
7.260000E2	2.800000E1	1.350301E-3
7.260000E2	3.000000E1	1.286284E-3
7.260000E2	3.200000E1	1.215428E-3
7.260000E2	3.400000E1	1.136602E-3
7.260000E2	3.600000E1	1.048320E-3
7.260000E2	3.800000E1	9.493272E-4
7.260000E2	4.000000E1	8.465310E-4
7.260000E2	4.200000E1	6.737710E-4
7.260000E2	4.400000E1	5.149651E-4
7.260000E2	4.600000E1	6.503694E-4
7.260000E2	4.800000E1	7.843421E-4
7.260000E2	5.000000E1	8.907207E-4
7.260000E2	5.200000E1	9.682580E-4
7.260000E2	5.400000E1	1.019557E-3
7.260000E2	5.600000E1	1.047430E-3
7.260000E2	5.800000E1	1.054253E-3
7.260000E2	6.000000E1	1.041962E-3
7.260000E2	6.200000E1	1.012188E-3
7.260000E2	6.400000E1	9.664115E-4
7.260000E2	6.600000E1	9.061189E-4
7.260000E2	6.800000E1	8.329369E-4
7.260000E2	7.000000E1	7.487622E-4
7.260000E2	7.200000E1	6.558714E-4
7.260000E2	7.400000E1	5.570035E-4
7.260000E2	7.600000E1	4.554006E-4
7.260000E2	7.800000E1	3.547893E-4
7.260000E2	8.000000E1	2.592845E-4
7.280000E2	0.000000E0	1.682215E-3
7.280000E2	2.000000E0	1.680324E-3
7.280000E2	4.000000E0	1.674649E-3
7.280000E2	6.000000E0	1.665183E-3
7.280000E2	8.000000E0	1.651917E-3
7.280000E2	1.000000E1	1.634832E-3
7.280000E2	1.200000E1	1.613901E-3
7.280000E2	1.400000E1	1.589081E-3
7.280000E2	1.600000E1	1.560315E-3
7.280000E2	1.800000E1	1.527519E-3
7.280000E2	2.000000E1	1.490575E-3
7.280000E2	2.200000E1	1.449323E-3
7.280000E2	2.400000E1	1.403543E-3
7.280000E2	2.600000E1	1.352936E-3
7.280000E2	2.800000E1	1.297089E-3
7.280000E2	3.000000E1	1.235435E-3
7.280000E2	3.200000E1	1.167184E-3
7.280000E2	3.400000E1	1.091239E-3
7.280000E2	3.600000E1	1.006150E-3
7.280000E2	3.800000E1	9.106589E-4
7.280000E2	4.000000E1	8.111772E-4
7.280000E2	4.200000E1	6.438016E-4
7.280000E2	4.400000E1	4.932432E-4
7.280000E2	4.600000E1	6.244224E-4
7.280000E2	4.800000E1	7.537537E-4
7.280000E2	5.000000E1	8.563098E-4
7.280000E2	5.200000E1	9.309825E-4
7.280000E2	5.400000E1	9.803212E-4
7.280000E2	5.600000E1	1.007060E-3
7.280000E2	5.800000E1	1.013505E-3
7.280000E2	6.000000E1	1.001535E-3
7.280000E2	6.200000E1	9.727348E-4
7.280000E2	6.400000E1	9.285461E-4
7.280000E2	6.600000E1	8.704120E-4
7.280000E2	6.800000E1	7.999119E-4
7.280000E2	7.000000E1	7.188832E-4
7.280000E2	7.200000E1	6.295260E-4
7.280000E2	7.400000E1	5.344807E-4
7.280000E2	7.600000E1	4.368661E-4
7.280000E2	7.800000E1	3.402599E-4
7.280000E2	8.000000E1	2.486055E-4
7.300000E2	0.000000E0	1.618918E-3
7.300000E2	2.000000E0	1.617096E-3
7.300000E2	4.000000E0	1.611628E-3
7.300000E2	6.000000E0	1.602509E-3
7.300000E2	8.000000E0	1.589727E-3
7.300000E2	1.000000E1	1.573265E-3
7.300000E2	1.200000E1	1.553095E-3
7.300000E2	1.400000E1	1.529177E-3
7.300000E2	1.600000E1	1.501454E-3
7.300000E2	1.800000E1	1.469844E-3
7.300000E2	2.000000E1	1.434234E-3
7.300000E2	2.200000E1	1.394468E-3
7.300000E2	2.400000E1	1.350333E-3
7.300000E2	2.600000E1	1.301539E-3
7.300000E2	2.800000E1	1.247687E-3
7.300000E2	3.000000E1	1.188228E-3
7.300000E2	3.200000E1	1.122397E-3
7.300000E2	3.400000E1	1.049129E-3
7.300000E2	3.600000E1	9.670098E-4
7.300000E2	3.800000E1	8.747749E-4
7.300000E2	4.000000E1	7.783814E-4
7.300000E2	4.200000E1	6.160378E-4
7.300000E2	4.400000E1	4.731073E-4
7.300000E2	4.600000E1	6.003485E-4
7.300000E2	4.800000E1	7.253604E-4
7.300000E2	5.000000E1	8.243606E-4
7.300000E2	5.200000E1	8.963688E-4
7.300000E2	5.400000E1	9.438847E-4
7.300000E2	5.600000E1	9.695685E-4
7.300000E2	5.800000E1	9.756617E-4
7.300000E2	6.000000E1	9.639910E-4
7.300000E2	6.200000E1	9.360978E-4
7.300000E2	6.400000E1	8.933853E-4
7.300000E2	6.600000E1	8.372581E-4
7.300000E2	6.800000E1	7.692511E-4
7.300000E2	7.000000E1	6.911463E-4
7.300000E2	7.200000E1	6.050723E-4
7.300000E2	7.400000E1	5.135779E-4
7.300000E2	7.600000E1	4.196671E-4
7.300000E2	7.800000E1	3.267792E-4
7.300000E2	8.000000E1	2.386987E-4
7.320000E2	0.000000E0	1.554019E-3
7.320000E2	2.000000E0	1.552268E-3
7.320000E2	4.000000E0	1.547013E-3
7.320000E2	6.000000E0	1.538250E-3
7.320000E2	8.000000E0	1.525965E-3
7.320000E2	1.000000E1	1.510144E-3
7.320000E2	1.200000E1	1.490757E-3
7.320000E2	1.400000E1	1.467768E-3
7.320000E2	1.600000E1	1.441118E-3
7.320000E2	1.800000E1	1.410730E-3
7.320000E2	2.000000E1	1.376493E-3
7.320000E2	2.200000E1	1.338257E-3
7.320000E2	2.400000E1	1.295816E-3
7.320000E2	2.600000E1	1.248891E-3
7.320000E2	2.800000E1	1.197096E-3
7.320000E2	3.000000E1	1.139902E-3
7.320000E2	3.200000E1	1.076569E-3
7.320000E2	3.400000E1	1.006067E-3
7.320000E2	3.600000E1	9.270183E-4
7.320000E2	3.800000E1	8.381609E-4
7.320000E2	4.000000E1	7.450101E-4
7.320000E2	4.200000E1	5.879833E-4
7.320000E2	4.400000E1	4.526492E-4
7.320000E2	4.600000E1	5.757380E-4
7.320000E2	4.800000E1	6.962572E-4
7.320000E2	5.000000E1	7.915752E-4
7.320000E2	5.200000E1	8.608333E-4
7.320000E2	5.400000E1	9.064746E-4
7.320000E2	5.600000E1	9.310810E-4
7.320000E2	5.800000E1	9.368248E-4
7.320000E2	6.000000E1	9.254768E-4
7.320000E2	6.200000E1	8.985328E-4
7.320000E2	6.400000E1	8.573548E-4
7.320000E2	6.600000E1	8.033059E-4
7.320000E2	6.800000E1	7.378737E-4
7.320000E2	7.000000E1	6.627818E-4
7.320000E2	7.200000E1	5.800839E-4
7.320000E2	7.400000E1	4.922341E-4
7.320000E2	7.600000E1	4.021182E-4
7.320000E2	7.800000E1	3.130341E-4
7.320000E2	8.000000E1	2.286041E-4
7.340000E2	0.000000E0	1.489267E-3
7.340000E2	2.000000E0	1.487587E-3
7.340000E2	4.000000E0	1.482546E-3
7.340000E2	6.000000E0	1.474137E-3
7.340000E2	8.000000E0	1.462351E-3
7.340000E2	1.000000E1	1.447169E-3
7.340000E2	1.200000E1	1.428567E-3
7.340000E2	1.400000E1	1.406505E-3
7.340000E2	1.600000E1	1.380930E-3
7.340000E2	1.800000E1	1.351764E-3
7.340000E2	2.000000E1	1.318901E-3
7.340000E2	2.200000E1	1.282197E-3
7.340000E2	2.400000E1	1.241454E-3
7.340000E2	2.600000E1	1.196400E-3
7.340000E2	2.800000E1	1.146667E-3
7.340000E2	3.000000E1	1.091743E-3
7.340000E2	3.200000E1	1.030915E-3
7.340000E2	3.400000E1	9.631872E-4
7.340000E2	3.600000E1	8.872225E-4
7.340000E2	3.800000E1	8.017643E-4
7.340000E2	4.000000E1	7.119061E-4
7.340000E2	4.200000E1	5.603043E-4
7.340000E2	4.400000E1	4.323798E-4
7.340000E2	4.600000E1	5.512393E-4
7.340000E2	4.800000E1	6.672277E-4
7.340000E2	5.000000E1	7.588440E-4
7.340000E2	5.200000E1	8.253439E-4
7.340000E2	5.400000E1	8.691103E-4
7.340000E2	5.600000E1	8.926442E-4
7.340000E2	5.800000E1	8.980474E-4
7.340000E2	6.000000E1	8.870335E-4
7.340000E2	6.200000E1	8.610511E-4
7.340000E2	6.400000E1	8.214198E-4
7.340000E2	6.600000E1	7.694601E-4
7.340000E2	6.800000E1	7.066110E-4
7.340000E2	7.000000E1	6.345364E-4
7.340000E2	7.200000E1	5.552148E-4
7.340000E2	7.400000E1	4.710045E-4
7.340000E2	7.600000E1	3.846732E-4
7.340000E2	7.800000E1	2.993778E-4
7.340000E2	8.000000E1	2.185798E-4
7.360000E2	0.000000E0	1.433438E-3
7.360000E2	2.000000E0	1.431819E-3
7.360000E2	4.000000E0	1.426961E-3
7.360000E2	6.000000E0	1.418858E-3
7.360000E2	8.000000E0	1.407500E-3
7.360000E2	1.000000E1	1.392870E-3
7.360000E2	1.200000E1	1.374941E-3
7.360000E2	1.400000E1	1.353678E-3
7.360000E2	1.600000E1	1.329026E-3
7.360000E2	1.800000E1	1.300911E-3
7.360000E2	2.000000E1	1.269230E-3
7.360000E2	2.200000E1	1.233843E-3
7.360000E2	2.400000E1	1.194558E-3
7.360000E2	2.600000E1	1.151114E-3
7.360000E2	2.800000E1	1.103153E-3
7.360000E2	3.000000E1	1.050179E-3
7.360000E2	3.200000E1	9.915037E-4
7.360000E2	3.400000E1	9.261592E-4
7.360000E2	3.600000E1	8.528422E-4
7.360000E2	3.800000E1	7.702989E-4
7.360000E2	4.000000E1	6.832491E-4
7.360000E2	4.200000E1	5.362762E-4
7.360000E2	4.400000E1	4.148347E-4
7.360000E2	4.600000E1	5.300955E-4
7.360000E2	4.800000E1	6.422025E-4
7.360000E2	5.000000E1	7.306402E-4
7.360000E2	5.200000E1	7.947671E-4
7.360000E2	5.400000E1	8.369167E-4
7.360000E2	5.600000E1	8.595220E-4
7.360000E2	5.800000E1	8.646247E-4
7.360000E2	6.000000E1	8.538904E-4
7.360000E2	6.200000E1	8.287276E-4
7.360000E2	6.400000E1	7.904205E-4
7.360000E2	6.600000E1	7.402533E-4
7.360000E2	6.800000E1	6.796240E-4
7.360000E2	7.000000E1	6.101457E-4
7.360000E2	7.200000E1	5.337321E-4
7.360000E2	7.400000E1	4.526595E-4
7.360000E2	7.600000E1	3.695938E-4
7.360000E2	7.800000E1	2.875698E-4
7.360000E2	8.000000E1	2.099100E-4
7.380000E2	0.000000E0	1.372904E-3
7.380000E2	2.000000E0	1.371352E-3
7.380000E2	4.000000E0	1.366694E-3
7.380000E2	6.000000E0	1.358924E-3
7.380000E2	8.000000E0	1.348032E-3
7.380000E2	1.000000E1	1.334002E-3
7.380000E2	1.200000E1	1.316808E-3
7.380000E2	1.400000E1	1.296414E-3
7.380000E2	1.600000E1	1.272769E-3
7.380000E2	1.800000E1	1.245800E-3
7.380000E2	2.000000E1	1.215409E-3
7.380000E2	2.200000E1	1.181460E-3
7.380000E2	2.400000E1	1.143768E-3
7.380000E2	2.600000E1	1.102081E-3
7.380000E2	2.800000E1	1.056056E-3
7.380000E2	3.000000E1	1.005216E-3
7.380000E2	3.200000E1	9.488952E-4
7.380000E2	3.400000E1	8.861610E-4
7.380000E2	3.600000E1	8.157488E-4
7.380000E2	3.800000E1	7.364156E-4
7.380000E2	4.000000E1	6.525119E-4
7.380000E2	4.200000E1	5.106309E-4
7.380000E2	4.400000E1	3.960728E-4
7.380000E2	4.600000E1	5.072866E-4
7.380000E2	4.800000E1	6.150990E-4
7.380000E2	5.000000E1	7.000395E-4
7.380000E2	5.200000E1	7.615664E-4
7.380000E2	5.400000E1	8.019530E-4
7.380000E2	5.600000E1	8.235540E-4
7.380000E2	5.800000E1	8.283432E-4
7.380000E2	6.000000E1	8.179308E-4
7.380000E2	6.200000E1	7.936799E-4
7.380000E2	6.400000E1	7.568337E-4
7.380000E2	6.600000E1	7.086350E-4
7.380000E2	6.800000E1	6.504349E-4
7.380000E2	7.000000E1	5.837895E-4
7.380000E2	7.200000E1	5.105408E-4
7.380000E2	7.400000E1	4.328748E-4
7.380000E2	7.600000E1	3.533465E-4
7.380000E2	7.800000E1	2.748589E-4
7.380000E2	8.000000E1	2.005850E-4
7.400000E2	0.000000E0	1.319899E-3
7.400000E2	2.000000E0	1.318405E-3
7.400000E2	4.000000E0	1.313922E-3
7.400000E2	6.000000E0	1.306443E-3
7.400000E2	8.000000E0	1.295959E-3
7.400000E2	1.000000E1	1.282453E-3
7.400000E2	1.200000E1	1.265901E-3
7.400000E2	1.400000E1	1.246268E-3
7.400000E2	1.600000E1	1.223503E-3
7.400000E2	1.800000E1	1.197536E-3
7.400000E2	2.000000E1	1.168273E-3
7.400000E2	2.200000E1	1.135580E-3
7.400000E2	2.400000E1	1.099280E-3
7.400000E2	2.600000E1	1.059130E-3
7.400000E2	2.800000E1	1.014798E-3
7.400000E2	3.000000E1	9.658217E-4
7.400000E2	3.200000E1	9.115597E-4
7.400000E2	3.400000E1	8.511068E-4
7.400000E2	3.600000E1	7.832327E-4
7.400000E2	3.800000E1	7.067023E-4
7.400000E2	4.000000E1	6.255341E-4
7.400000E2	4.200000E1	4.882000E-4
7.400000E2	4.400000E1	3.795871E-4
7.400000E2	4.600000E1	4.872802E-4
7.400000E2	4.800000E1	5.913493E-4
7.400000E2	5.000000E1	6.732384E-4
7.400000E2	5.200000E1	7.324949E-4
7.400000E2	5.400000E1	7.713408E-4
7.400000E2	5.600000E1	7.920630E-4
7.400000E2	5.800000E1	7.965764E-4
7.400000E2	6.000000E1	7.864438E-4
7.400000E2	6.200000E1	7.629886E-4
7.400000E2	6.400000E1	7.274186E-4
7.400000E2	6.600000E1	6.809405E-4
7.400000E2	6.800000E1	6.248651E-4
7.400000E2	7.000000E1	5.606986E-4
7.400000E2	7.200000E1	4.902202E-4
7.400000E2	7.400000E1	4.155372E-4
7.400000E2	7.600000E1	3.391073E-4
7.400000E2	7.800000E1	2.637180E-4
7.400000E2	8.000000E1	1.924112E-4
7.420000E2	0.000000E0	1.263664E-3
7.420000E2	2.000000E0	1.262232E-3
7.420000E2	4.000000E0	1.257935E-3
7.420000E2	6.000000E0	1.250766E-3
7.420000E2	8.000000E0	1.240716E-3
7.420000E2	1.000000E1	1.227769E-3
7.420000E2	1.200000E1	1.211902E-3
7.420000E2	1.400000E1	1.193079E-3
7.420000E2	1.600000E1	1.171252E-3
7.420000E2	1.800000E1	1.146355E-3
7.420000E2	2.000000E1	1.118294E-3
7.420000E2	2.200000E1	1.086942E-3
7.420000E2	2.400000E1	1.052129E-3
7.420000E2	2.600000E1	1.013620E-3
7.420000E2	2.800000E1	9.710956E-4
7.420000E2	3.000000E1	9.241128E-4
7.420000E2	3.200000E1	8.720523E-4
7.420000E2	3.400000E1	8.140415E-4
7.420000E2	3.600000E1	7.488880E-4
7.420000E2	3.800000E1	6.753717E-4
7.420000E2	4.000000E1	5.971847E-4
7.420000E2	4.200000E1	4.648281E-4
7.420000E2	4.400000E1	3.622872E-4
7.420000E2	4.600000E1	4.661252E-4
7.420000E2	4.800000E1	5.661568E-4
7.420000E2	5.000000E1	6.447720E-4
7.420000E2	5.200000E1	7.016021E-4
7.420000E2	5.400000E1	7.388090E-4
7.420000E2	5.600000E1	7.586044E-4
7.420000E2	5.800000E1	7.628382E-4
7.420000E2	6.000000E1	7.530203E-4
7.420000E2	6.200000E1	7.304302E-4
7.420000E2	6.400000E1	6.962363E-4
7.420000E2	6.600000E1	6.516054E-4
7.420000E2	6.800000E1	5.978032E-4
7.420000E2	7.000000E1	5.362816E-4
7.420000E2	7.200000E1	4.687520E-4
7.420000E2	7.400000E1	3.972369E-4
7.420000E2	7.600000E1	3.240906E-4
7.420000E2	7.800000E1	2.519787E-4
7.420000E2	8.000000E1	1.838049E-4
7.440000E2	0.000000E0	1.213329E-3
7.440000E2	2.000000E0	1.211952E-3
7.440000E2	4.000000E0	1.207821E-3
7.440000E2	6.000000E0	1.200929E-3
7.440000E2	8.000000E0	1.191268E-3
7.440000E2	1.000000E1	1.178821E-3
7.440000E2	1.200000E1	1.163565E-3
7.440000E2	1.400000E1	1.145467E-3
7.440000E2	1.600000E1	1.124480E-3
7.440000E2	1.800000E1	1.100538E-3
7.440000E2	2.000000E1	1.073552E-3
7.440000E2	2.200000E1	1.043400E-3
7.440000E2	2.400000E1	1.009916E-3
7.440000E2	2.600000E1	9.728743E-4
7.440000E2	2.800000E1	9.319668E-4
7.440000E2	3.000000E1	8.867661E-4
7.440000E2	3.200000E1	8.366742E-4
7.440000E2	3.400000E1	7.808470E-4
7.440000E2	3.600000E1	7.181260E-4
7.440000E2	3.800000E1	6.473041E-4
7.440000E2	4.000000E1	5.717788E-4
7.440000E2	4.200000E1	4.438680E-4
7.440000E2	4.400000E1	3.467905E-4
7.440000E2	4.600000E1	4.471894E-4
7.440000E2	4.800000E1	5.436124E-4
7.440000E2	5.000000E1	6.192989E-4
7.440000E2	5.200000E1	6.739570E-4
7.440000E2	5.400000E1	7.096955E-4
7.440000E2	5.600000E1	7.286592E-4
7.440000E2	5.800000E1	7.326400E-4
7.440000E2	6.000000E1	7.231009E-4
7.440000E2	6.200000E1	7.012824E-4
7.440000E2	6.400000E1	6.683175E-4
7.440000E2	6.600000E1	6.253378E-4
7.440000E2	6.800000E1	5.735687E-4
7.440000E2	7.000000E1	5.144137E-4
7.440000E2	7.200000E1	4.495233E-4
7.440000E2	7.400000E1	3.808443E-4
7.440000E2	7.600000E1	3.106384E-4
7.440000E2	7.800000E1	2.414618E-4
7.440000E2	8.000000E1	1.760944E-4
7.460000E2	0.000000E0	1.165202E-3
7.460000E2	2.000000E0	1.163878E-3
7.460000E2	4.000000E0	1.159906E-3
7.460000E2	6.000000E0	1.153280E-3
7.460000E2	8.000000E0	1.143990E-3
7.460000E2	1.000000E1	1.132021E-3
7.460000E2	1.200000E1	1.117351E-3
7.460000E2	1.400000E1	1.099946E-3
7.460000E2	1.600000E1	1.079762E-3
7.460000E2	1.800000E1	1.056735E-3
7.460000E2	2.000000E1	1.030779E-3
7.460000E2	2.200000E1	1.001775E-3
7.460000E2	2.400000E1	9.695633E-4
7.460000E2	2.600000E1	9.339270E-4
7.460000E2	2.800000E1	8.945680E-4
7.460000E2	3.000000E1	8.510743E-4
7.460000E2	3.200000E1	8.028684E-4
7.460000E2	3.400000E1	7.491334E-4
7.460000E2	3.600000E1	6.887442E-4
7.460000E2	3.800000E1	6.205075E-4
7.460000E2	4.000000E1	5.475484E-4
7.460000E2	4.200000E1	4.238385E-4
7.460000E2	4.400000E1	3.320407E-4
7.460000E2	4.600000E1	4.291255E-4
7.460000E2	4.800000E1	5.220788E-4
7.460000E2	5.000000E1	5.949521E-4
7.460000E2	5.200000E1	6.475251E-4
7.460000E2	5.400000E1	6.818547E-4
7.460000E2	5.600000E1	7.000210E-4
7.460000E2	5.800000E1	7.037598E-4
7.460000E2	6.000000E1	6.944887E-4
7.460000E2	6.200000E1	6.734106E-4
7.460000E2	6.400000E1	6.416244E-4
7.460000E2	6.600000E1	6.002271E-4
7.460000E2	6.800000E1	5.504057E-4
7.460000E2	7.000000E1	4.935165E-4
7.460000E2	7.200000E1	4.311520E-4
7.460000E2	7.400000E1	3.651860E-4
7.460000E2	7.600000E1	2.977916E-4
7.460000E2	7.800000E1	2.314202E-4
7.460000E2	8.000000E1	1.687339E-4
7.480000E2	0.000000E0	1.119796E-3
7.480000E2	2.000000E0	1.118523E-3
7.480000E2	4.000000E0	1.114701E-3
7.480000E2	6.000000E0	1.108325E-3
7.480000E2	8.000000E0	1.099386E-3
7.480000E2	1.000000E1	1.087868E-3
7.480000E2	1.200000E1	1.073751E-3
7.480000E2	1.400000E1	1.057002E-3
7.480000E2	1.600000E1	1.037576E-3
7.480000E2	1.800000E1	1.015413E-3
7.480000E2	2.000000E1	9.904288E-4
7.480000E2	2.200000E1	9.625093E-4
7.480000E2	2.400000E1	9.315002E-4
7.480000E2	2.600000E1	8.971917E-4
7.480000E2	2.800000E1	8.592962E-4
7.480000E2	3.000000E1	8.174160E-4
7.480000E2	3.200000E1	7.709930E-4
7.480000E2	3.400000E1	7.192367E-4
7.480000E2	3.600000E1	6.610535E-4
7.480000E2	3.800000E1	5.952644E-4
7.480000E2	4.000000E1	5.247401E-4
7.480000E2	4.200000E1	4.051235E-4
7.480000E2	4.400000E1	3.181454E-4
7.480000E2	4.600000E1	4.120776E-4
7.480000E2	4.800000E1	5.017474E-4
7.480000E2	5.000000E1	5.719626E-4
7.480000E2	5.200000E1	6.225677E-4
7.480000E2	5.400000E1	6.555696E-4
7.480000E2	5.600000E1	6.729867E-4
7.480000E2	5.800000E1	6.765017E-4
7.480000E2	6.000000E1	6.674887E-4
7.480000E2	6.200000E1	6.471148E-4
7.480000E2	6.400000E1	6.164464E-4
7.480000E2	6.600000E1	5.765477E-4
7.480000E2	6.800000E1	5.285686E-4
7.480000E2	7.000000E1	4.738210E-4
7.480000E2	7.200000E1	4.138420E-4
7.480000E2	7.400000E1	3.504366E-4
7.480000E2	7.600000E1	2.856938E-4
7.480000E2	7.800000E1	2.219667E-4
7.480000E2	8.000000E1	1.618062E-4
7.500000E2	0.000000E0	1.072430E-3
7.500000E2	2.000000E0	1.071209E-3
7.500000E2	4.000000E0	1.067544E-3
7.500000E2	6.000000E0	1.061430E-3
7.500000E2	8.000000E0	1.052858E-3
7.500000E2	1.000000E1	1.041814E-3
7.500000E2	1.200000E1	1.028276E-3
7.500000E2	1.400000E1	1.012213E-3
7.500000E2	1.600000E1	9.935818E-4
7.500000E2	1.800000E1	9.723244E-4
7.500000E2	2.000000E1	9.483594E-4
7.500000E2	2.200000E1	9.215773E-4
7.500000E2	2.400000E1	8.918295E-4
7.500000E2	2.600000E1	8.589141E-4
7.500000E2	2.800000E1	8.225547E-4
7.500000E2	3.000000E1	7.823686E-4
7.500000E2	3.200000E1	7.378185E-4
7.500000E2	3.400000E1	6.881421E-4
7.500000E2	3.600000E1	6.322805E-4
7.500000E2	3.800000E1	5.690740E-4
7.500000E2	4.000000E1	5.011463E-4
7.500000E2	4.200000E1	3.859076E-4
7.500000E2	4.400000E1	3.037859E-4
7.500000E2	4.600000E1	3.943426E-4
7.500000E2	4.800000E1	4.805398E-4
7.500000E2	5.000000E1	5.479560E-4
7.500000E2	5.200000E1	5.964959E-4
7.500000E2	5.400000E1	6.281102E-4
7.500000E2	5.600000E1	6.447504E-4
7.500000E2	5.800000E1	6.480415E-4
7.500000E2	6.000000E1	6.393113E-4
7.500000E2	6.200000E1	6.196876E-4
7.500000E2	6.400000E1	5.902017E-4
7.500000E2	6.600000E1	5.518820E-4
7.500000E2	6.800000E1	5.058387E-4
7.500000E2	7.000000E1	4.533361E-4
7.500000E2	7.200000E1	3.958523E-4
7.500000E2	7.400000E1	3.351199E-4
7.500000E2	7.600000E1	2.731405E-4
7.500000E2	7.800000E1	2.121643E-4
7.500000E2	8.000000E1	1.546276E-4
7.520000E2	0.000000E0	1.033730E-3
7.520000E2	2.000000E0	1.032551E-3
7.520000E2	4.000000E0	1.029014E-3
7.520000E2	6.000000E0	1.023114E-3
7.520000E2	8.000000E0	1.014841E-3
7.520000E2	1.000000E1	1.004181E-3
7.520000E2	1.200000E1	9.911134E-4
7.520000E2	1.400000E1	9.756083E-4
7.520000E2	1.600000E1	9.576237E-4
7.520000E2	1.800000E1	9.371023E-4
7.520000E2	2.000000E1	9.139658E-4
7.520000E2	2.200000E1	8.881078E-4
7.520000E2	2.400000E1	8.593846E-4
7.520000E2	2.600000E1	8.276007E-4
7.520000E2	2.800000E1	7.924887E-4
7.520000E2	3.000000E1	7.536780E-4
7.520000E2	3.200000E1	7.106480E-4
7.520000E2	3.400000E1	6.626586E-4
7.520000E2	3.600000E1	6.086783E-4
7.520000E2	3.800000E1	5.475602E-4
7.520000E2	4.000000E1	4.817154E-4
7.520000E2	4.200000E1	3.698989E-4
7.520000E2	4.400000E1	2.919801E-4
7.520000E2	4.600000E1	3.798448E-4
7.520000E2	4.800000E1	4.632350E-4
7.520000E2	5.000000E1	5.283779E-4
7.520000E2	5.200000E1	5.752341E-4
7.520000E2	5.400000E1	6.057115E-4
7.520000E2	5.600000E1	6.217089E-4
7.520000E2	5.800000E1	6.248059E-4
7.520000E2	6.000000E1	6.162934E-4
7.520000E2	6.200000E1	5.972684E-4
7.520000E2	6.400000E1	5.687344E-4
7.520000E2	6.600000E1	5.316919E-4
7.520000E2	6.800000E1	4.872194E-4
7.520000E2	7.000000E1	4.365431E-4
7.520000E2	7.200000E1	3.810939E-4
7.520000E2	7.400000E1	3.225452E-4
7.520000E2	7.600000E1	2.628272E-4
7.520000E2	7.800000E1	2.041059E-4
7.520000E2	8.000000E1	1.487227E-4
7.540000E2	0.000000E0	9.945622E-4
7.540000E2	2.000000E0	9.934271E-4
7.540000E2	4.000000E0	9.900199E-4
7.540000E2	6.000000E0	9.843360E-4
7.540000E2	8.000000E0	9.763663E-4
7.540000E2	1.000000E1	9.660969E-4
7.540000E2	1.200000E1	9.535075E-4
7.540000E2	1.400000E1	9.385689E-4
7.540000E2	1.600000E1	9.212407E-4
7.540000E2	1.800000E1	9.014672E-4
7.540000E2	2.000000E1	8.791724E-4
7.540000E2	2.200000E1	8.542537E-4
7.540000E2	2.400000E1	8.265722E-4
7.540000E2	2.600000E1	7.959390E-4
7.540000E2	2.800000E1	7.620957E-4
7.540000E2	3.000000E1	7.246845E-4
7.540000E2	3.200000E1	6.832017E-4
7.540000E2	3.400000E1	6.369305E-4
7.540000E2	3.600000E1	5.848681E-4
7.540000E2	3.800000E1	5.258835E-4
7.540000E2	4.000000E1	4.621831E-4
7.540000E2	4.200000E1	3.539635E-4
7.540000E2	4.400000E1	2.801092E-4
7.540000E2	4.600000E1	3.651903E-4
7.540000E2	4.800000E1	4.457104E-4
7.540000E2	5.000000E1	5.085378E-4
7.540000E2	5.200000E1	5.536840E-4
7.540000E2	5.400000E1	5.830112E-4
7.540000E2	5.600000E1	5.983628E-4
7.540000E2	5.800000E1	6.012715E-4
7.540000E2	6.000000E1	5.929896E-4
7.540000E2	6.200000E1	5.745821E-4
7.540000E2	6.400000E1	5.470235E-4
7.540000E2	6.600000E1	5.112850E-4
7.540000E2	6.800000E1	4.684121E-4
7.540000E2	7.000000E1	4.195919E-4
7.540000E2	7.200000E1	3.662063E-4
7.540000E2	7.400000E1	3.098690E-4
7.540000E2	7.600000E1	2.524375E-4
7.540000E2	7.800000E1	1.959928E-4
7.540000E2	8.000000E1	1.427811E-4
7.560000E2	0.000000E0	9.611602E-4
7.560000E2	2.000000E0	9.600618E-4
7.560000E2	4.000000E0	9.567650E-4
7.560000E2	6.000000E0	9.512650E-4
7.560000E2	8.000000E0	9.435531E-4
7.560000E2	1.000000E1	9.336156E-4
7.560000E2	1.200000E1	9.214325E-4
7.560000E2	1.400000E1	9.069754E-4
7.560000E2	1.600000E1	8.902048E-4
7.560000E2	1.800000E1	8.710665E-4
7.560000E2	2.000000E1	8.494868E-4
7.560000E2	2.200000E1	8.253660E-4
7.560000E2	2.400000E1	7.985691E-4
7.560000E2	2.600000E1	7.689130E-4
7.560000E2	2.800000E1	7.361472E-4
7.560000E2	3.000000E1	6.999240E-4
7.560000E2	3.200000E1	6.597545E-4
7.560000E2	3.400000E1	6.149412E-4
7.560000E2	3.600000E1	5.645052E-4
7.560000E2	3.800000E1	5.073268E-4
7.560000E2	4.000000E1	4.454311E-4
7.560000E2	4.200000E1	3.402189E-4
7.560000E2	4.400000E1	2.699361E-4
7.560000E2	4.600000E1	3.526829E-4
7.560000E2	4.800000E1	4.307746E-4
7.560000E2	5.000000E1	4.916364E-4
7.560000E2	5.200000E1	5.353272E-4
7.560000E2	5.400000E1	5.636719E-4
7.560000E2	5.600000E1	5.784685E-4
7.560000E2	5.800000E1	5.812100E-4
7.560000E2	6.000000E1	5.731170E-4
7.560000E2	6.200000E1	5.552278E-4
7.560000E2	6.400000E1	5.284928E-4
7.560000E2	6.600000E1	4.938589E-4
7.560000E2	6.800000E1	4.523441E-4
7.560000E2	7.000000E1	4.051022E-4
7.560000E2	7.200000E1	3.534743E-4
7.560000E2	7.400000E1	2.990231E-4
7.560000E2	7.600000E1	2.435438E-4
7.560000E2	7.800000E1	1.890449E-4
7.560000E2	8.000000E1	1.376909E-4
7.580000E2	0.000000E0	9.241116E-4
7.580000E2	2.000000E0	9.230542E-4
7.580000E2	4.000000E0	9.198806E-4
7.580000E2	6.000000E0	9.145859E-4
7.580000E2	8.000000E0	9.071617E-4
7.580000E2	1.000000E1	8.975947E-4
7.580000E2	1.200000E1	8.858653E-4
7.580000E2	1.400000E1	8.719461E-4
7.580000E2	1.600000E1	8.557986E-4
7.580000E2	1.800000E1	8.373704E-4
7.580000E2	2.000000E1	8.165903E-4
7.580000E2	2.200000E1	7.933619E-4
7.580000E2	2.400000E1	7.675550E-4
7.580000E2	2.600000E1	7.389928E-4
7.580000E2	2.800000E1	7.074335E-4
7.580000E2	3.000000E1	6.725416E-4
7.580000E2	3.200000E1	6.338445E-4
7.580000E2	3.400000E1	5.906676E-4
7.580000E2	3.600000E1	5.420601E-4
7.580000E2	3.800000E1	4.869204E-4
7.580000E2	4.000000E1	4.270924E-4
7.580000E2	4.200000E1	3.253953E-4
7.580000E2	4.400000E1	2.587968E-4
7.580000E2	4.600000E1	3.388496E-4
7.580000E2	4.800000E1	4.141945E-4
7.580000E2	5.000000E1	4.728489E-4
7.580000E2	5.200000E1	5.149144E-4
7.580000E2	5.400000E1	5.421697E-4
7.580000E2	5.600000E1	5.563590E-4
7.580000E2	5.800000E1	5.589296E-4
7.580000E2	6.000000E1	5.510644E-4
7.580000E2	6.200000E1	5.337705E-4
7.580000E2	6.400000E1	5.079699E-4
7.580000E2	6.600000E1	4.745807E-4
7.580000E2	6.800000E1	4.345891E-4
7.580000E2	7.000000E1	3.891107E-4
7.580000E2	7.200000E1	3.394399E-4
7.580000E2	7.400000E1	2.870820E-4
7.580000E2	7.600000E1	2.337637E-4
7.580000E2	7.800000E1	1.814131E-4
7.580000E2	8.000000E1	1.321054E-4
7.600000E2	0.000000E0	8.888098E-4
7.600000E2	2.000000E0	8.877915E-4
7.600000E2	4.000000E0	8.847353E-4
7.600000E2	6.000000E0	8.796364E-4
7.600000E2	8.000000E0	8.724866E-4
7.600000E2	1.000000E1	8.632727E-4
7.600000E2	1.200000E1	8.519760E-4
7.600000E2	1.400000E1	8.385696E-4
7.600000E2	1.600000E1	8.230164E-4
7.600000E2	1.800000E1	8.052654E-4
7.600000E2	2.000000E1	7.852480E-4
7.600000E2	2.200000E1	7.628708E-4
7.600000E2	2.400000E1	7.380082E-4
7.600000E2	2.600000E1	7.104896E-4
7.600000E2	2.800000E1	6.800815E-4
7.600000E2	3.000000E1	6.464599E-4
7.600000E2	3.200000E1	6.091681E-4
7.600000E2	3.400000E1	5.675529E-4
7.600000E2	3.600000E1	5.206910E-4
7.600000E2	3.800000E1	4.674991E-4
7.600000E2	4.000000E1	4.096539E-4
7.600000E2	4.200000E1	3.112545E-4
7.600000E2	4.400000E1	2.482276E-4
7.600000E2	4.600000E1	3.256983E-4
7.600000E2	4.800000E1	3.984135E-4
7.600000E2	5.000000E1	4.549557E-4
7.600000E2	5.200000E1	4.954666E-4
7.600000E2	5.400000E1	5.216802E-4
7.600000E2	5.600000E1	5.352890E-4
7.600000E2	5.800000E1	5.376960E-4
7.600000E2	6.000000E1	5.300483E-4
7.600000E2	6.200000E1	5.133228E-4
7.600000E2	6.400000E1	4.884142E-4
7.600000E2	6.600000E1	4.562131E-4
7.600000E2	6.800000E1	4.176748E-4
7.600000E2	7.000000E1	3.738785E-4
7.600000E2	7.200000E1	3.260739E-4
7.600000E2	7.400000E1	2.757115E-4
7.600000E2	7.600000E1	2.244524E-4
7.600000E2	7.800000E1	1.741482E-4
7.600000E2	8.000000E1	1.267892E-4
7.620000E2	0.000000E0	8.571302E-4
7.620000E2	2.000000E0	8.561470E-4
7.620000E2	4.000000E0	8.531960E-4
7.620000E2	6.000000E0	8.482726E-4
7.620000E2	8.000000E0	8.413686E-4
7.620000E2	1.000000E1	8.324714E-4
7.620000E2	1.200000E1	8.215625E-4
7.620000E2	1.400000E1	8.086157E-4
7.620000E2	1.600000E1	7.935951E-4
7.620000E2	1.800000E1	7.764512E-4
7.620000E2	2.000000E1	7.571173E-4
7.620000E2	2.200000E1	7.355031E-4
7.620000E2	2.400000E1	7.114870E-4
7.620000E2	2.600000E1	6.849038E-4
7.620000E2	2.800000E1	6.555276E-4
7.620000E2	3.000000E1	6.230446E-4
7.620000E2	3.200000E1	5.870125E-4
7.620000E2	3.400000E1	5.467973E-4
7.620000E2	3.600000E1	5.015001E-4
7.620000E2	3.800000E1	4.500535E-4
7.620000E2	4.000000E1	3.939816E-4
7.620000E2	4.200000E1	2.985759E-4
7.620000E2	4.400000E1	2.387240E-4
7.620000E2	4.600000E1	3.138859E-4
7.620000E2	4.800000E1	3.842470E-4
7.620000E2	5.000000E1	4.388972E-4
7.620000E2	5.200000E1	4.780147E-4
7.620000E2	5.400000E1	5.032940E-4
7.620000E2	5.600000E1	5.163815E-4
7.620000E2	5.800000E1	5.186409E-4
7.620000E2	6.000000E1	5.111871E-4
7.620000E2	6.200000E1	4.949704E-4
7.620000E2	6.400000E1	4.708610E-4
7.620000E2	6.600000E1	4.397248E-4
7.620000E2	6.800000E1	4.024899E-4
7.620000E2	7.000000E1	3.602026E-4
7.620000E2	7.200000E1	3.140726E-4
7.620000E2	7.400000E1	2.655013E-4
7.620000E2	7.600000E1	2.160906E-4
7.620000E2	7.800000E1	1.676238E-4
7.620000E2	8.000000E1	1.220146E-4
7.640000E2	0.000000E0	8.282178E-4
7.640000E2	2.000000E0	8.272665E-4
7.640000E2	4.000000E0	8.244115E-4
7.640000E2	6.000000E0	8.196480E-4
7.640000E2	8.000000E0	8.129683E-4
7.640000E2	1.000000E1	8.043597E-4
7.640000E2	1.200000E1	7.938044E-4
7.640000E2	1.400000E1	7.812767E-4
7.640000E2	1.600000E1	7.667417E-4
7.640000E2	1.800000E1	7.501512E-4
7.640000E2	2.000000E1	7.314405E-4
7.640000E2	2.200000E1	7.105221E-4
7.640000E2	2.400000E1	6.872778E-4
7.640000E2	2.600000E1	6.615475E-4
7.640000E2	2.800000E1	6.331122E-4
7.640000E2	3.000000E1	6.016676E-4
7.640000E2	3.200000E1	5.667841E-4
7.640000E2	3.400000E1	5.278455E-4
7.640000E2	3.600000E1	4.839750E-4
7.640000E2	3.800000E1	4.341197E-4
7.640000E2	4.000000E1	3.796635E-4
7.640000E2	4.200000E1	2.869809E-4
7.640000E2	4.400000E1	2.300478E-4
7.640000E2	4.600000E1	3.031079E-4
7.640000E2	4.800000E1	3.713226E-4
7.640000E2	5.000000E1	4.242463E-4
7.640000E2	5.200000E1	4.620917E-4
7.640000E2	5.400000E1	4.865172E-4
7.640000E2	5.600000E1	4.991275E-4
7.640000E2	5.800000E1	5.012505E-4
7.640000E2	6.000000E1	4.939721E-4
7.640000E2	6.200000E1	4.782181E-4
7.640000E2	6.400000E1	4.548367E-4
7.640000E2	6.600000E1	4.246713E-4
7.640000E2	6.800000E1	3.886250E-4
7.640000E2	7.000000E1	3.477145E-4
7.640000E2	7.200000E1	3.031128E-4
7.640000E2	7.400000E1	2.561765E-4
7.640000E2	7.600000E1	2.084536E-4
7.640000E2	7.800000E1	1.616647E-4
7.640000E2	8.000000E1	1.176535E-4
7.660000E2	0.000000E0	7.977945E-4
7.660000E2	2.000000E0	7.968770E-4
7.660000E2	4.000000E0	7.941233E-4
7.660000E2	6.000000E0	7.895290E-4
7.660000E2	8.000000E0	7.830861E-4
7.660000E2	1.000000E1	7.747827E-4
7.660000E2	1.200000E1	7.646011E-4
7.660000E2	1.400000E1	7.525166E-4
7.660000E2	1.600000E1	7.384951E-4
7.660000E2	1.800000E1	7.224901E-4
7.660000E2	2.000000E1	7.044388E-4
7.660000E2	2.200000E1	6.842566E-4
7.660000E2	2.400000E1	6.618293E-4
7.660000E2	2.600000E1	6.370021E-4
7.660000E2	2.800000E1	6.095633E-4
7.660000E2	3.000000E1	5.792187E-4
7.660000E2	3.200000E1	5.455525E-4
7.660000E2	3.400000E1	5.079677E-4
7.660000E2	3.600000E1	4.656118E-4
7.660000E2	3.800000E1	4.174499E-4
7.660000E2	4.000000E1	3.647314E-4
7.660000E2	4.200000E1	2.749569E-4
7.660000E2	4.400000E1	2.210105E-4
7.660000E2	4.600000E1	2.918020E-4
7.660000E2	4.800000E1	3.577261E-4
7.660000E2	5.000000E1	4.088157E-4
7.660000E2	5.200000E1	4.453141E-4
7.660000E2	5.400000E1	4.688395E-4
7.660000E2	5.600000E1	4.809508E-4
7.660000E2	5.800000E1	4.829369E-4
7.660000E2	6.000000E1	4.758519E-4
7.660000E2	6.200000E1	4.605951E-4
7.660000E2	6.400000E1	4.379904E-4
7.660000E2	6.600000E1	4.088567E-4
7.660000E2	6.800000E1	3.740701E-4
7.660000E2	7.000000E1	3.346151E-4
7.660000E2	7.200000E1	2.916255E-4
7.660000E2	7.400000E1	2.464105E-4
7.660000E2	7.600000E1	2.004613E-4
7.660000E2	7.800000E1	1.554328E-4
7.660000E2	8.000000E1	1.130958E-4
7.680000E2	0.000000E0	7.715744E-4
7.680000E2	2.000000E0	7.706860E-4
7.680000E2	4.000000E0	7.680194E-4
7.680000E2	6.000000E0	7.635704E-4
7.680000E2	8.000000E0	7.573311E-4
7.680000E2	1.000000E1	7.492899E-4
7.680000E2	1.200000E1	7.394295E-4
7.680000E2	1.400000E1	7.277257E-4
7.680000E2	1.600000E1	7.141455E-4
7.680000E2	1.800000E1	6.986434E-4
7.680000E2	2.000000E1	6.811586E-4
7.680000E2	2.200000E1	6.616088E-4
7.680000E2	2.400000E1	6.398832E-4
7.680000E2	2.600000E1	6.158317E-4
7.680000E2	2.800000E1	5.892488E-4
7.680000E2	3.000000E1	5.598489E-4
7.680000E2	3.200000E1	5.272281E-4
7.680000E2	3.400000E1	4.908057E-4
7.680000E2	3.600000E1	4.497497E-4
7.680000E2	3.800000E1	4.030397E-4
7.680000E2	4.000000E1	3.518029E-4
7.680000E2	4.200000E1	2.645556E-4
7.680000E2	4.400000E1	2.131792E-4
7.680000E2	4.600000E1	2.820392E-4
7.680000E2	4.800000E1	3.460035E-4
7.680000E2	5.000000E1	3.955202E-4
7.680000E2	5.200000E1	4.308615E-4
7.680000E2	5.400000E1	4.536120E-4
7.680000E2	5.600000E1	4.652919E-4
7.680000E2	5.800000E1	4.671572E-4
7.680000E2	6.000000E1	4.602352E-4
7.680000E2	6.200000E1	4.454027E-4
7.680000E2	6.400000E1	4.234631E-4
7.680000E2	6.600000E1	3.952148E-4
7.680000E2	6.800000E1	3.615105E-4
7.680000E2	7.000000E1	3.233075E-4
7.680000E2	7.200000E1	2.817062E-4
7.680000E2	7.400000E1	2.379749E-4
7.680000E2	7.600000E1	1.935556E-4
7.680000E2	7.800000E1	1.500466E-4
7.680000E2	8.000000E1	1.091557E-4
7.700000E2	0.000000E0	7.364907E-4
7.700000E2	2.000000E0	7.356416E-4
7.700000E2	4.000000E0	7.330930E-4
7.700000E2	6.000000E0	7.288407E-4
7.700000E2	8.000000E0	7.228773E-4
7.700000E2	1.000000E1	7.151914E-4
7.700000E2	1.200000E1	7.057664E-4
7.700000E2	1.400000E1	6.945791E-4
7.700000E2	1.600000E1	6.815975E-4
7.700000E2	1.800000E1	6.667782E-4
7.700000E2	2.000000E1	6.500627E-4
7.700000E2	2.200000E1	6.313723E-4
7.700000E2	2.400000E1	6.106008E-4
7.700000E2	2.600000E1	5.876045E-4
7.700000E2	2.800000E1	5.621865E-4
7.700000E2	3.000000E1	5.340732E-4
7.700000E2	3.200000E1	5.028776E-4
7.700000E2	3.400000E1	4.680419E-4
7.700000E2	3.600000E1	4.287652E-4
7.700000E2	3.800000E1	3.840546E-4
7.700000E2	4.000000E1	3.349105E-4
7.700000E2	4.200000E1	2.512028E-4
7.700000E2	4.400000E1	2.029569E-4
7.700000E2	4.600000E1	2.690612E-4
7.700000E2	4.800000E1	3.303115E-4
7.700000E2	5.000000E1	3.776756E-4
7.700000E2	5.200000E1	4.114483E-4
7.700000E2	5.400000E1	4.331609E-4
7.700000E2	5.600000E1	4.442764E-4
7.700000E2	5.800000E1	4.460027E-4
7.700000E2	6.000000E1	4.393279E-4
7.700000E2	6.200000E1	4.250957E-4
7.700000E2	6.400000E1	4.040792E-4
7.700000E2	6.600000E1	3.770462E-4
7.700000E2	6.800000E1	3.448165E-4
7.700000E2	7.000000E1	3.083083E-4
7.700000E2	7.200000E1	2.685755E-4
7.700000E2	7.400000E1	2.268307E-4
7.700000E2	7.600000E1	1.844506E-4
7.700000E2	7.800000E1	1.429582E-4
7.700000E2	8.000000E1	1.039789E-4
7.720000E2	0.000000E0	7.077667E-4
7.720000E2	2.000000E0	7.069497E-4
7.720000E2	4.000000E0	7.044973E-4
7.720000E2	6.000000E0	7.004056E-4
7.720000E2	8.000000E0	6.946673E-4
7.720000E2	1.000000E1	6.872712E-4
7.720000E2	1.200000E1	6.782013E-4
7.720000E2	1.400000E1	6.674351E-4
7.720000E2	1.600000E1	6.549417E-4
7.720000E2	1.800000E1	6.406792E-4
7.720000E2	2.000000E1	6.245911E-4
7.720000E2	2.200000E1	6.066013E-4
7.720000E2	2.400000E1	5.866077E-4
7.720000E2	2.600000E1	5.644714E-4
7.720000E2	2.800000E1	5.400029E-4
7.720000E2	3.000000E1	5.129383E-4
7.720000E2	3.200000E1	4.829040E-4
7.720000E2	3.400000E1	4.493609E-4
7.720000E2	3.600000E1	4.115326E-4
7.720000E2	3.800000E1	3.684476E-4
7.720000E2	4.000000E1	3.209949E-4
7.720000E2	4.200000E1	2.401481E-4
7.720000E2	4.400000E1	1.945410E-4
7.720000E2	4.600000E1	2.584244E-4
7.720000E2	4.800000E1	3.174704E-4
7.720000E2	5.000000E1	3.630806E-4
7.720000E2	5.200000E1	3.955718E-4
7.720000E2	5.400000E1	4.164334E-4
7.720000E2	5.600000E1	4.270831E-4
7.720000E2	5.800000E1	4.286900E-4
7.720000E2	6.000000E1	4.222109E-4
7.720000E2	6.200000E1	4.084629E-4
7.720000E2	6.400000E1	3.881949E-4
7.720000E2	6.600000E1	3.621506E-4
7.720000E2	6.800000E1	3.311228E-4
7.720000E2	7.000000E1	2.959984E-4
7.720000E2	7.200000E1	2.577936E-4
7.720000E2	7.400000E1	2.176755E-4
7.720000E2	7.600000E1	1.769670E-4
7.720000E2	7.800000E1	1.371294E-4
7.720000E2	8.000000E1	9.972040E-5
7.740000E2	0.000000E0	6.795338E-4
7.740000E2	2.000000E0	6.787484E-4
7.740000E2	4.000000E0	6.763908E-4
7.740000E2	6.000000E0	6.724572E-4
7.740000E2	8.000000E0	6.669405E-4
7.740000E2	1.000000E1	6.598300E-4
7.740000E2	1.200000E1	6.511099E-4
7.740000E2	1.400000E1	6.407587E-4
7.740000E2	1.600000E1	6.287464E-4
7.740000E2	1.800000E1	6.150325E-4
7.740000E2	2.000000E1	5.995626E-4
7.740000E2	2.200000E1	5.822635E-4
7.740000E2	2.400000E1	5.630366E-4
7.740000E2	2.600000E1	5.417484E-4
7.740000E2	2.800000E1	5.182162E-4
7.740000E2	3.000000E1	4.921858E-4
7.740000E2	3.200000E1	4.632970E-4
7.740000E2	3.400000E1	4.310293E-4
7.740000E2	3.600000E1	3.946313E-4
7.740000E2	3.800000E1	3.531531E-4
7.740000E2	4.000000E1	3.073797E-4
7.740000E2	4.200000E1	2.294077E-4
7.740000E2	4.400000E1	1.863016E-4
7.740000E2	4.600000E1	2.479751E-4
7.740000E2	4.800000E1	3.048417E-4
7.740000E2	5.000000E1	3.487218E-4
7.740000E2	5.200000E1	3.799513E-4
7.740000E2	5.400000E1	3.999774E-4
7.740000E2	5.600000E1	4.101719E-4
7.740000E2	5.800000E1	4.116655E-4
7.740000E2	6.000000E1	4.053838E-4
7.740000E2	6.200000E1	3.921174E-4
7.740000E2	6.400000E1	3.725908E-4
7.740000E2	6.600000E1	3.475236E-4
7.740000E2	6.800000E1	3.176816E-4
7.740000E2	7.000000E1	2.839207E-4
7.740000E2	7.200000E1	2.472197E-4
7.740000E2	7.400000E1	2.087007E-4
7.740000E2	7.600000E1	1.696340E-4
7.740000E2	7.800000E1	1.314203E-4
7.740000E2	8.000000E1	9.555084E-5
7.760000E2	0.000000E0	6.458697E-4
7.760000E2	2.000000E0	6.451222E-4
7.760000E2	4.000000E0	6.428786E-4
7.760000E2	6.000000E0	6.391350E-4
7.760000E2	8.000000E0	6.338846E-4
7.760000E2	1.000000E1	6.271172E-4
7.760000E2	1.200000E1	6.188177E-4
7.760000E2	1.400000E1	6.089654E-4
7.760000E2	1.600000E1	5.975316E-4
7.760000E2	1.800000E1	5.844777E-4
7.760000E2	2.000000E1	5.697518E-4
7.760000E2	2.200000E1	5.532839E-4
7.760000E2	2.400000E1	5.349802E-4
7.760000E2	2.600000E1	5.147133E-4
7.760000E2	2.800000E1	4.923090E-4
7.760000E2	3.000000E1	4.675250E-4
7.760000E2	3.200000E1	4.400174E-4
7.760000E2	3.400000E1	4.092889E-4
7.760000E2	3.600000E1	3.746193E-4
7.760000E2	3.800000E1	3.350900E-4
7.760000E2	4.000000E1	2.913832E-4
7.760000E2	4.200000E1	2.169092E-4
7.760000E2	4.400000E1	1.766301E-4
7.760000E2	4.600000E1	2.355689E-4
7.760000E2	4.800000E1	2.897826E-4
7.760000E2	5.000000E1	3.315712E-4
7.760000E2	5.200000E1	3.612841E-4
7.760000E2	5.400000E1	3.803130E-4
7.760000E2	5.600000E1	3.899720E-4
7.760000E2	5.800000E1	3.913438E-4
7.760000E2	6.000000E1	3.853143E-4
7.760000E2	6.200000E1	3.726407E-4
7.760000E2	6.400000E1	3.540173E-4
7.760000E2	6.600000E1	3.301328E-4
7.760000E2	6.800000E1	3.017199E-4
7.760000E2	7.000000E1	2.695959E-4
7.760000E2	7.200000E1	2.346941E-4
7.760000E2	7.400000E1	1.980827E-4
7.760000E2	7.600000E1	1.609687E-4
7.760000E2	7.800000E1	1.246815E-4
7.760000E2	8.000000E1	9.063435E-5
7.780000E2	0.000000E0	6.162893E-4
7.780000E2	2.000000E0	6.155751E-4
7.780000E2	4.000000E0	6.134314E-4
7.780000E2	6.000000E0	6.098546E-4
7.780000E2	8.000000E0	6.048381E-4
7.780000E2	1.000000E1	5.983719E-4
7.780000E2	1.200000E1	5.904417E-4
7.780000E2	1.400000E1	5.810273E-4
7.780000E2	1.600000E1	5.701015E-4
7.780000E2	1.800000E1	5.576271E-4
7.780000E2	2.000000E1	5.435543E-4
7.780000E2	2.200000E1	5.278162E-4
7.780000E2	2.400000E1	5.103230E-4
7.780000E2	2.600000E1	4.909528E-4
7.780000E2	2.800000E1	4.695389E-4
7.780000E2	3.000000E1	4.458493E-4
7.780000E2	3.200000E1	4.195545E-4
7.780000E2	3.400000E1	3.901774E-4
7.780000E2	3.600000E1	3.570254E-4
7.780000E2	3.800000E1	3.192070E-4
7.780000E2	4.000000E1	2.773124E-4
7.780000E2	4.200000E1	2.059281E-4
7.780000E2	4.400000E1	1.681214E-4
7.780000E2	4.600000E1	2.246627E-4
7.780000E2	4.800000E1	2.765490E-4
7.780000E2	5.000000E1	3.165015E-4
7.780000E2	5.200000E1	3.448825E-4
7.780000E2	5.400000E1	3.630351E-4
7.780000E2	5.600000E1	3.722232E-4
7.780000E2	5.800000E1	3.734870E-4
7.780000E2	6.000000E1	3.676781E-4
7.780000E2	6.200000E1	3.555245E-4
7.780000E2	6.400000E1	3.376937E-4
7.780000E2	6.600000E1	3.148477E-4
7.780000E2	6.800000E1	2.876900E-4
7.780000E2	7.000000E1	2.570040E-4
7.780000E2	7.200000E1	2.236830E-4
7.780000E2	7.400000E1	1.887480E-4
7.780000E2	7.600000E1	1.533504E-4
7.780000E2	7.800000E1	1.187567E-4
7.780000E2	8.000000E1	8.631156E-5
7.800000E2	0.000000E0	5.949164E-4
7.800000E2	2.000000E0	5.942261E-4
7.800000E2	4.000000E0	5.921541E-4
7.800000E2	6.000000E0	5.886967E-4
7.800000E2	8.000000E0	5.838477E-4
7.800000E2	1.000000E1	5.775973E-4
7.800000E2	1.200000E1	5.699315E-4
7.800000E2	1.400000E1	5.608308E-4
7.800000E2	1.600000E1	5.502686E-4
7.800000E2	1.800000E1	5.382089E-4
7.800000E2	2.000000E1	5.246035E-4
7.800000E2	2.200000E1	5.093876E-4
7.800000E2	2.400000E1	4.924741E-4
7.800000E2	2.600000E1	4.737452E-4
7.800000E2	2.800000E1	4.530394E-4
7.800000E2	3.000000E1	4.301319E-4
7.800000E2	3.200000E1	4.047036E-4
7.800000E2	3.400000E1	3.762915E-4
7.800000E2	3.600000E1	3.442213E-4
7.800000E2	3.800000E1	3.076186E-4
7.800000E2	4.000000E1	2.669957E-4
7.800000E2	4.200000E1	1.977476E-4
7.800000E2	4.400000E1	1.618983E-4
7.800000E2	4.600000E1	2.167694E-4
7.800000E2	4.800000E1	2.670038E-4
7.800000E2	5.000000E1	3.056436E-4
7.800000E2	5.200000E1	3.330662E-4
7.800000E2	5.400000E1	3.505829E-4
7.800000E2	5.600000E1	3.594233E-4
7.800000E2	5.800000E1	3.605986E-4
7.800000E2	6.000000E1	3.549366E-4
7.800000E2	6.200000E1	3.431454E-4
7.800000E2	6.400000E1	3.258743E-4
7.800000E2	6.600000E1	3.037668E-4
7.800000E2	6.800000E1	2.775062E-4
7.800000E2	7.000000E1	2.478524E-4
7.800000E2	7.200000E1	2.156703E-4
7.800000E2	7.400000E1	1.819468E-4
7.800000E2	7.600000E1	1.477931E-4
7.800000E2	7.800000E1	1.144300E-4
7.800000E2	8.000000E1	8.315160E-5
7.820000E2	0.000000E0	5.737433E-4
7.820000E2	2.000000E0	5.730767E-4
7.820000E2	4.000000E0	5.710759E-4
7.820000E2	6.000000E0	5.677372E-4
7.820000E2	8.000000E0	5.630546E-4
7.820000E2	1.000000E1	5.570185E-4
7.820000E2	1.200000E1	5.496154E-4
7.820000E2	1.400000E1	5.408262E-4
7.820000E2	1.600000E1	5.306253E-4
7.820000E2	1.800000E1	5.189778E-4
7.820000E2	2.000000E1	5.058369E-4
7.820000E2	2.200000E1	4.911400E-4
7.820000E2	2.400000E1	4.748029E-4
7.820000E2	2.600000E1	4.567115E-4
7.820000E2	2.800000E1	4.367098E-4
7.820000E2	3.000000E1	4.145803E-4
7.820000E2	3.200000E1	3.900140E-4
7.820000E2	3.400000E1	3.625620E-4
7.820000E2	3.600000E1	3.315692E-4
7.820000E2	3.800000E1	2.961788E-4
7.820000E2	4.000000E1	2.568292E-4
7.820000E2	4.200000E1	1.897740E-4
7.820000E2	4.400000E1	1.557540E-4
7.820000E2	4.600000E1	2.089475E-4
7.820000E2	4.800000E1	2.575359E-4
7.820000E2	5.000000E1	2.948715E-4
7.820000E2	5.200000E1	3.213442E-4
7.820000E2	5.400000E1	3.382327E-4
7.820000E2	5.600000E1	3.467319E-4
7.820000E2	5.800000E1	3.478238E-4
7.820000E2	6.000000E1	3.423124E-4
7.820000E2	6.200000E1	3.308855E-4
7.820000E2	6.400000E1	3.141740E-4
7.820000E2	6.600000E1	2.928030E-4
7.820000E2	6.800000E1	2.674352E-4
7.820000E2	7.000000E1	2.388068E-4
7.820000E2	7.200000E1	2.077545E-4
7.820000E2	7.400000E1	1.752312E-4
7.820000E2	7.600000E1	1.423085E-4
7.820000E2	7.800000E1	1.101619E-4
7.820000E2	8.000000E1	8.003581E-5
7.840000E2	0.000000E0	5.507224E-4
7.840000E2	2.000000E0	5.500817E-4
7.840000E2	4.000000E0	5.481586E-4
7.840000E2	6.000000E0	5.449497E-4
7.840000E2	8.000000E0	5.404490E-4
7.840000E2	1.000000E1	5.346473E-4
7.840000E2	1.200000E1	5.275314E-4
7.840000E2	1.400000E1	5.190830E-4
7.840000E2	1.600000E1	5.092773E-4
7.840000E2	1.800000E1	4.980807E-4
7.840000E2	2.000000E1	4.854481E-4
7.840000E2	2.200000E1	4.713192E-4
7.840000E2	2.400000E1	4.556130E-4
7.840000E2	2.600000E1	4.382197E-4
7.840000E2	2.800000E1	4.189890E-4
7.840000E2	3.000000E1	3.977117E-4
7.840000E2	3.200000E1	3.740898E-4
7.840000E2	3.400000E1	3.476905E-4
7.840000E2	3.600000E1	3.178800E-4
7.840000E2	3.800000E1	2.838231E-4
7.840000E2	4.000000E1	2.458885E-4
7.840000E2	4.200000E1	1.812392E-4
7.840000E2	4.400000E1	1.491484E-4
7.840000E2	4.600000E1	2.004706E-4
7.840000E2	4.800000E1	2.472433E-4
7.840000E2	5.000000E1	2.831467E-4
7.840000E2	5.200000E1	3.085804E-4
7.840000E2	5.400000E1	3.247851E-4
7.840000E2	5.600000E1	3.329166E-4
7.840000E2	5.800000E1	3.339238E-4
7.840000E2	6.000000E1	3.285839E-4
7.840000E2	6.200000E1	3.175619E-4
7.840000E2	6.400000E1	3.014678E-4
7.840000E2	6.600000E1	2.809057E-4
7.840000E2	6.800000E1	2.565156E-4
7.840000E2	7.000000E1	2.290074E-4
7.840000E2	7.200000E1	1.991863E-4
7.840000E2	7.400000E1	1.679683E-4
7.840000E2	7.600000E1	1.363819E-4
7.840000E2	7.800000E1	1.055533E-4
7.840000E2	8.000000E1	7.667380E-5
7.860000E2	0.000000E0	5.304407E-4
7.860000E2	2.000000E0	5.298228E-4
7.860000E2	4.000000E0	5.279681E-4
7.860000E2	6.000000E0	5.248733E-4
7.860000E2	8.000000E0	5.205326E-4
7.860000E2	1.000000E1	5.149369E-4
7.860000E2	1.200000E1	5.080737E-4
7.860000E2	1.400000E1	4.999250E-4
7.860000E2	1.600000E1	4.904669E-4
7.860000E2	1.800000E1	4.796669E-4
7.860000E2	2.000000E1	4.674813E-4
7.860000E2	2.200000E1	4.538519E-4
7.860000E2	2.400000E1	4.387005E-4
7.860000E2	2.600000E1	4.219211E-4
7.860000E2	2.800000E1	4.033686E-4
7.860000E2	3.000000E1	3.828406E-4
7.860000E2	3.200000E1	3.600494E-4
7.860000E2	3.400000E1	3.345758E-4
7.860000E2	3.600000E1	3.058049E-4
7.860000E2	3.800000E1	2.729200E-4
7.860000E2	4.000000E1	2.362264E-4
7.860000E2	4.200000E1	1.736998E-4
7.860000E2	4.400000E1	1.433152E-4
7.860000E2	4.600000E1	1.929981E-4
7.860000E2	4.800000E1	2.381761E-4
7.860000E2	5.000000E1	2.728201E-4
7.860000E2	5.200000E1	2.973392E-4
7.860000E2	5.400000E1	3.129413E-4
7.860000E2	5.600000E1	3.207478E-4
7.860000E2	5.800000E1	3.216789E-4
7.860000E2	6.000000E1	3.164884E-4
7.860000E2	6.200000E1	3.058212E-4
7.860000E2	6.400000E1	2.902692E-4
7.860000E2	6.600000E1	2.704183E-4
7.860000E2	6.800000E1	2.468884E-4
7.860000E2	7.000000E1	2.203661E-4
7.860000E2	7.200000E1	1.916295E-4
7.860000E2	7.400000E1	1.615617E-4
7.860000E2	7.600000E1	1.311531E-4
7.860000E2	7.800000E1	1.014868E-4
7.860000E2	8.000000E1	7.370690E-5
7.880000E2	0.000000E0	5.116200E-4
7.880000E2	2.000000E0	5.110233E-4
7.880000E2	4.000000E0	5.092320E-4
7.880000E2	6.000000E0	5.062431E-4
7.880000E2	8.000000E0	5.020507E-4
7.880000E2	1.000000E1	4.966463E-4
7.880000E2	1.200000E1	4.900174E-4
7.880000E2	1.400000E1	4.821468E-4
7.880000E2	1.600000E1	4.730112E-4
7.880000E2	1.800000E1	4.625790E-4
7.880000E2	2.000000E1	4.508082E-4
7.880000E2	2.200000E1	4.376423E-4
7.880000E2	2.400000E1	4.230057E-4
7.880000E2	2.600000E1	4.067959E-4
7.880000E2	2.800000E1	3.888726E-4
7.880000E2	3.000000E1	3.690401E-4
7.880000E2	3.200000E1	3.470196E-4
7.880000E2	3.400000E1	3.224051E-4
7.880000E2	3.600000E1	2.945989E-4
7.880000E2	3.800000E1	2.628017E-4
7.880000E2	4.000000E1	2.272609E-4
7.880000E2	4.200000E1	1.666817E-4
7.880000E2	4.400000E1	1.379117E-4
7.880000E2	4.600000E1	1.860726E-4
7.880000E2	4.800000E1	2.297688E-4
7.880000E2	5.000000E1	2.632424E-4
7.880000E2	5.200000E1	2.869112E-4
7.880000E2	5.400000E1	3.019527E-4
7.880000E2	5.600000E1	3.094564E-4
7.880000E2	5.800000E1	3.103159E-4
7.880000E2	6.000000E1	3.052632E-4
7.880000E2	6.200000E1	2.949247E-4
7.880000E2	6.400000E1	2.798755E-4
7.880000E2	6.600000E1	2.606842E-4
7.880000E2	6.800000E1	2.379524E-4
7.880000E2	7.000000E1	2.123453E-4
7.880000E2	7.200000E1	1.846151E-4
7.880000E2	7.400000E1	1.556150E-4
7.880000E2	7.600000E1	1.262997E-4
7.880000E2	7.800000E1	9.771234E-5
7.880000E2	8.000000E1	7.095305E-5
7.900000E2	0.000000E0	4.946441E-4
7.900000E2	2.000000E0	4.940665E-4
7.900000E2	4.000000E0	4.923324E-4
7.900000E2	6.000000E0	4.894388E-4
7.900000E2	8.000000E0	4.853801E-4
7.900000E2	1.000000E1	4.801479E-4
7.900000E2	1.200000E1	4.737301E-4
7.900000E2	1.400000E1	4.661100E-4
7.900000E2	1.600000E1	4.572648E-4
7.900000E2	1.800000E1	4.471641E-4
7.900000E2	2.000000E1	4.357668E-4
7.900000E2	2.200000E1	4.230185E-4
7.900000E2	2.400000E1	4.088456E-4
7.900000E2	2.600000E1	3.931490E-4
7.900000E2	2.800000E1	3.757925E-4
7.900000E2	3.000000E1	3.565865E-4
7.900000E2	3.200000E1	3.352605E-4
7.900000E2	3.400000E1	3.114198E-4
7.900000E2	3.600000E1	2.844827E-4
7.900000E2	3.800000E1	2.536651E-4
7.900000E2	4.000000E1	2.191611E-4
7.900000E2	4.200000E1	1.603424E-4
7.900000E2	4.400000E1	1.330308E-4
7.900000E2	4.600000E1	1.798241E-4
7.900000E2	4.800000E1	2.221864E-4
7.900000E2	5.000000E1	2.546054E-4
7.900000E2	5.200000E1	2.775076E-4
7.900000E2	5.400000E1	2.920431E-4
7.900000E2	5.600000E1	2.992730E-4
7.900000E2	5.800000E1	3.000671E-4
7.900000E2	6.000000E1	2.951375E-4
7.900000E2	6.200000E1	2.850945E-4
7.900000E2	6.400000E1	2.704976E-4
7.900000E2	6.600000E1	2.519006E-4
7.900000E2	6.800000E1	2.298881E-4
7.900000E2	7.000000E1	2.051059E-4
7.900000E2	7.200000E1	1.782836E-4
7.900000E2	7.400000E1	1.502466E-4
7.900000E2	7.600000E1	1.219179E-4
7.900000E2	7.800000E1	9.430431E-5
7.900000E2	8.000000E1	6.846641E-5
7.920000E2	0.000000E0	4.796603E-4
7.920000E2	2.000000E0	4.790994E-4
7.920000E2	4.000000E0	4.774157E-4
7.920000E2	6.000000E0	4.746060E-4
7.920000E2	8.000000E0	4.706651E-4
7.920000E2	1.000000E1	4.655845E-4
7.920000E2	1.200000E1	4.593526E-4
7.920000E2	1.400000E1	4.519530E-4
7.920000E2	1.600000E1	4.433635E-4
7.920000E2	1.800000E1	4.335545E-4
7.920000E2	2.000000E1	4.224862E-4
7.920000E2	2.200000E1	4.101054E-4
7.920000E2	2.400000E1	3.963409E-4
7.920000E2	2.600000E1	3.810960E-4
7.920000E2	2.800000E1	3.642386E-4
7.920000E2	3.000000E1	3.455841E-4
7.920000E2	3.200000E1	3.248694E-4
7.920000E2	3.400000E1	3.017101E-4
7.920000E2	3.600000E1	2.755379E-4
7.920000E2	3.800000E1	2.455820E-4
7.920000E2	4.000000E1	2.119867E-4
7.920000E2	4.200000E1	1.547383E-4
7.920000E2	4.400000E1	1.287045E-4
7.920000E2	4.600000E1	1.743005E-4
7.920000E2	4.800000E1	2.154915E-4
7.920000E2	5.000000E1	2.469831E-4
7.920000E2	5.200000E1	2.692100E-4
7.920000E2	5.400000E1	2.832991E-4
7.920000E2	5.600000E1	2.902868E-4
7.920000E2	5.800000E1	2.910218E-4
7.920000E2	6.000000E1	2.861994E-4
7.920000E2	6.200000E1	2.764153E-4
7.920000E2	6.400000E1	2.622160E-4
7.920000E2	6.600000E1	2.441419E-4
7.920000E2	6.800000E1	2.227630E-4
7.920000E2	7.000000E1	1.987082E-4
7.920000E2	7.200000E1	1.726867E-4
7.920000E2	7.400000E1	1.455000E-4
7.920000E2	7.600000E1	1.180429E-4
7.920000E2	7.800000E1	9.128981E-5
7.920000E2	8.000000E1	6.626652E-5
7.940000E2	0.000000E0	4.668842E-4
7.940000E2	2.000000E0	4.663375E-4
7.940000E2	4.000000E0	4.646964E-4
7.940000E2	6.000000E0	4.619580E-4
7.940000E2	8.000000E0	4.581169E-4
7.940000E2	1.000000E1	4.531649E-4
7.940000E2	1.200000E1	4.470906E-4
7.940000E2	1.400000E1	4.398779E-4
7.940000E2	1.600000E1	4.315053E-4
7.940000E2	1.800000E1	4.219437E-4
7.940000E2	2.000000E1	4.111542E-4
7.940000E2	2.200000E1	3.990850E-4
7.940000E2	2.400000E1	3.856665E-4
7.940000E2	2.600000E1	3.708046E-4
7.940000E2	2.800000E1	3.543701E-4
7.940000E2	3.000000E1	3.361831E-4
7.940000E2	3.200000E1	3.159864E-4
7.940000E2	3.400000E1	2.934040E-4
7.940000E2	3.600000E1	2.678791E-4
7.940000E2	3.800000E1	2.386512E-4
7.940000E2	4.000000E1	2.058191E-4
7.940000E2	4.200000E1	1.498614E-4
7.940000E2	4.400000E1	1.249981E-4
7.940000E2	4.600000E1	1.695935E-4
7.940000E2	4.800000E1	2.097942E-4
7.940000E2	5.000000E1	2.404981E-4
7.940000E2	5.200000E1	2.621493E-4
7.940000E2	5.400000E1	2.758557E-4
7.940000E2	5.600000E1	2.826333E-4
7.940000E2	5.800000E1	2.833135E-4
7.940000E2	6.000000E1	2.785776E-4
7.940000E2	6.200000E1	2.690094E-4
7.940000E2	6.400000E1	2.551444E-4
7.940000E2	6.600000E1	2.375120E-4
7.940000E2	6.800000E1	2.166701E-4
7.940000E2	7.000000E1	1.932334E-4
7.940000E2	7.200000E1	1.678938E-4
7.940000E2	7.400000E1	1.414325E-4
7.940000E2	7.600000E1	1.147200E-4
7.940000E2	7.800000E1	8.870334E-5
7.940000E2	8.000000E1	6.437798E-5
7.960000E2	0.000000E0	4.564353E-4
7.960000E2	2.000000E0	4.559002E-4
7.960000E2	4.000000E0	4.542938E-4
7.960000E2	6.000000E0	4.516131E-4
7.960000E2	8.000000E0	4.478529E-4
7.960000E2	1.000000E1	4.430053E-4
7.960000E2	1.200000E1	4.370588E-4
7.960000E2	1.400000E1	4.299978E-4
7.960000E2	1.600000E1	4.218010E-4
7.960000E2	1.800000E1	4.124399E-4
7.960000E2	2.000000E1	4.018764E-4
7.960000E2	2.200000E1	3.900598E-4
7.960000E2	2.400000E1	3.769218E-4
7.960000E2	2.600000E1	3.623702E-4
7.960000E2	2.800000E1	3.462785E-4
7.960000E2	3.000000E1	3.284702E-4
7.960000E2	3.200000E1	3.086931E-4
7.960000E2	3.400000E1	2.865780E-4
7.960000E2	3.600000E1	2.615769E-4
7.960000E2	3.800000E1	2.329363E-4
7.960000E2	4.000000E1	2.007122E-4
7.960000E2	4.200000E1	1.458208E-4
7.960000E2	4.400000E1	1.219250E-4
7.960000E2	4.600000E1	1.657279E-4
7.960000E2	4.800000E1	2.051332E-4
7.960000E2	5.000000E1	2.352005E-4
7.960000E2	5.200000E1	2.563840E-4
7.960000E2	5.400000E1	2.697775E-4
7.960000E2	5.600000E1	2.763811E-4
7.960000E2	5.800000E1	2.770131E-4
7.960000E2	6.000000E1	2.723435E-4
7.960000E2	6.200000E1	2.629471E-4
7.960000E2	6.400000E1	2.493508E-4
7.960000E2	6.600000E1	2.320754E-4
7.960000E2	6.800000E1	2.116692E-4
7.960000E2	7.000000E1	1.887354E-4
7.960000E2	7.200000E1	1.639525E-4
7.960000E2	7.400000E1	1.380846E-4
7.960000E2	7.600000E1	1.119827E-4
7.960000E2	7.800000E1	8.657099E-5
7.960000E2	8.000000E1	6.281992E-5
7.980000E2	0.000000E0	4.484554E-4
7.980000E2	2.000000E0	4.479289E-4
7.980000E2	4.000000E0	4.463485E-4
7.980000E2	6.000000E0	4.437112E-4
7.980000E2	8.000000E0	4.400118E-4
7.980000E2	1.000000E1	4.352424E-4
7.980000E2	1.200000E1	4.293918E-4
7.980000E2	1.400000E1	4.224445E-4
7.980000E2	1.600000E1	4.143796E-4
7.980000E2	1.800000E1	4.051688E-4
7.980000E2	2.000000E1	3.947748E-4
7.980000E2	2.200000E1	3.831475E-4
7.980000E2	2.400000E1	3.702196E-4
7.980000E2	2.600000E1	3.559004E-4
7.980000E2	2.800000E1	3.400653E-4
7.980000E2	3.000000E1	3.225404E-4
7.980000E2	3.200000E1	3.030771E-4
7.980000E2	3.400000E1	2.813110E-4
7.980000E2	3.600000E1	2.567001E-4
7.980000E2	3.800000E1	2.284945E-4
7.980000E2	4.000000E1	1.967101E-4
7.980000E2	4.200000E1	1.425620E-4
7.980000E2	4.400000E1	1.195337E-4
7.980000E2	4.600000E1	1.627725E-4
7.980000E2	4.800000E1	2.015892E-4
7.980000E2	5.000000E1	2.311784E-4
7.980000E2	5.200000E1	2.520061E-4
7.980000E2	5.400000E1	2.651577E-4
7.980000E2	5.600000E1	2.716227E-4
7.980000E2	5.800000E1	2.722098E-4
7.980000E2	6.000000E1	2.675819E-4
7.980000E2	6.200000E1	2.583073E-4
7.980000E2	6.400000E1	2.449071E-4
7.980000E2	6.600000E1	2.278963E-4
7.980000E2	6.800000E1	2.078164E-4
7.980000E2	7.000000E1	1.852624E-4
7.980000E2	7.200000E1	1.609025E-4
7.980000E2	7.400000E1	1.354884E-4
7.980000E2	7.600000E1	1.098557E-4
7.980000E2	7.800000E1	8.491100E-5
7.980000E2	8.000000E1	6.160501E-5
8.000000E2	0.000000E0	0.000000E0
8.000000E2	2.000000E0	0.000000E0
8.000000E2	4.000000E0	0.000000E0
8.000000E2	6.000000E0	0.000000E0
8.000000E2	8.000000E0	0.000000E0
8.000000E2	1.000000E1	0.000000E0
8.000000E2	1.200000E1	0.000000E0
8.000000E2	1.400000E1	0.000000E0
8.000000E2	1.600000E1	0.000000E0
8.000000E2	1.800000E1	0.000000E0
8.000000E2	2.000000E1	0.000000E0
8.000000E2	2.200000E1	0.000000E0
8.000000E2	2.400000E1	0.000000E0
8.000000E2	2.600000E1	0.000000E0
8.000000E2	2.800000E1	0.000000E0
8.000000E2	3.000000E1	0.000000E0
8.000000E2	3.200000E1	0.000000E0
8.000000E2	3.400000E1	0.000000E0
8.000000E2	3.600000E1	0.000000E0
8.000000E2	3.800000E1	0.000000E0
8.000000E2	4.000000E1	0.000000E0
8.000000E2	4.200000E1	0.000000E0
8.000000E2	4.400000E1	0.000000E0
8.000000E2	4.600000E1	0.000000E0
8.000000E2	4.800000E1	0.000000E0
8.000000E2	5.000000E1	0.000000E0
8.000000E2	5.200000E1	0.000000E0
8.000000E2	5.400000E1	0.000000E0
8.000000E2	5.600000E1	0.000000E0
8.000000E2	5.800000E1	0.000000E0
8.000000E2	6.000000E1	0.000000E0
8.000000E2	6.200000E1	0.000000E0
8.000000E2	6.400000E1	0.000000E0
8.000000E2	6.600000E1	0.000000E0
8.000000E2	6.800000E1	0.000000E0
8.000000E2	7.000000E1	0.000000E0
8.000000E2	7.200000E1	0.000000E0
8.000000E2	7.400000E1	0.000000E0
8.000000E2	7.600000E1	0.000000E0
8.000000E2	7.800000E1	0.000000E0
8.000000E2	8.000000E1	0.000000E0
